Nome do Jogo,Classificação de Usuários,Vendas Globais,Lançamento no Brasil,Idade Recomendada,Preço,Gênero_Aventura,Gênero_Ação,Gênero_Esportes,Gênero_Puzzle,Gênero_RPG,Plataforma_Mobile,Plataforma_PC,Plataforma_PlayStation,Plataforma_Switch,Plataforma_Xbox
Jogo_495,4.60929722196421,0.01580709757819621,0,3.0,0.07021795002371933,0,1,0,0,0,0,0,1,0,0
Jogo_786,5.061659207364454,0.009694361206976072,0,15.0,0.03263215983454465,0,1,0,0,0,1,0,0,0,0
Jogo_86,5.501880097616166,0.038065913823594394,1,11.0,0.08793556875109768,0,0,0,0,1,0,0,1,0,0
Jogo_725,3.5627830497532567,0.03077231076707549,0,16.0,0.1573737546922284,0,1,0,0,0,0,0,0,0,1
Jogo_979,4.19146196992497,0.01170850781247806,0,5.0,0.00594560203917369,0,0,0,1,0,1,0,0,0,0
Jogo_982,5.501880097616166,0.03678475980561557,0,4.0,0.08783714778248984,0,0,0,1,0,0,0,0,0,1
Jogo_616,6.544472618197426,0.04864689952309019,1,7.0,0.013119924242205521,0,1,0,0,0,0,0,1,0,0
Jogo_262,8.748079125836831,0.03210952917689602,1,11.0,0.058474510434574786,0,0,0,1,0,1,0,0,0,0
Jogo_893,6.73226498857885,0.005254008104053455,1,12.0,0.11803235831766201,0,0,0,1,0,0,1,0,0,0
Jogo_383,5.857341955255224,0.04210663111038772,0,4.0,0.07744249721626445,0,0,1,0,0,1,0,0,0,0
Jogo_3,6.632024821823874,0.03480620554244815,0,9.0,0.00935867133970109,0,0,1,0,0,0,0,1,0,0
Jogo_636,2.348040287775416,0.02260260210876551,0,17.0,0.09436973934010098,0,0,0,1,0,1,0,0,0,0
Jogo_74,6.620677462847501,0.017950176690529746,1,5.0,0.013550639965383176,0,0,0,1,0,0,0,1,0,0
Jogo_630,5.421596221516072,0.00046514734443370753,1,11.0,0.1241280552752066,1,0,0,0,0,0,0,0,1,0
Jogo_295,7.666916192950774,0.026240605842028236,1,11.0,0.030167534421306482,0,0,0,1,0,0,0,1,0,0
Jogo_932,6.610147691984358,0.04706281175067596,0,3.0,0.14066243060553107,0,0,1,0,0,0,1,0,0,0
Jogo_283,2.8256497998592,0.006057116384007715,0,16.0,0.12831300122766648,0,0,1,0,0,0,0,0,1,0
Jogo_124,5.965986939421303,0.04447761545424451,0,12.0,0.08190393702480839,0,0,1,0,0,0,0,0,1,0
Jogo_615,6.743695356722433,0.024907532638305977,1,13.0,0.04311640615710381,0,0,1,0,0,0,1,0,0,0
Jogo_619,3.662518095899424,0.009619465017589465,0,7.0,0.11889890770631262,0,0,1,0,0,1,0,0,0,0
Jogo_785,1.8965974039148827,0.016134264830002108,0,10.0,0.06787557914462322,1,0,0,0,0,0,0,1,0,0
Jogo_152,5.698647097446332,0.01659982458622889,0,16.0,0.11945103621252492,0,0,1,0,0,0,0,1,0,0
Jogo_22,7.795056722514543,0.04941281895217734,1,7.0,0.12142259991883517,0,1,0,0,0,0,1,0,0,0
Jogo_136,4.192048355195398,0.01616352425953384,1,16.0,0.13989444780167926,0,0,1,0,0,0,0,0,0,1
Jogo_967,5.501880097616166,0.043575406600425734,1,14.0,0.11985568163732832,0,0,1,0,0,0,1,0,0,0
Jogo_937,4.193177211854613,0.01978700521675964,0,11.0,0.09317063621333418,0,0,1,0,0,0,0,0,1,0
Jogo_50,5.0754826653548575,0.021835150128658505,1,11.0,0.10127730896703749,0,0,1,0,0,1,0,0,0,0
Jogo_275,4.3860701610560415,0.03945803600807596,1,8.0,0.01628784197150254,0,1,0,0,0,0,0,0,1,0
Jogo_804,2.8598404380155897,0.02399726877502826,1,14.0,0.12397836204577803,0,0,1,0,0,0,1,0,0,0
Jogo_951,1.9224956471924028,0.048521743108568105,1,18.0,0.09476112247807834,0,0,0,1,0,1,0,0,0,0
Jogo_581,3.918734852363098,0.004247365776605748,0,11.0,0.15528110035595008,0,1,0,0,0,0,1,0,0,0
Jogo_131,6.586807679207707,0.007099993590113245,0,5.0,0.01680101663602519,1,0,0,0,0,0,1,0,0,0
Jogo_213,3.791010492785263,0.03268223248818549,0,16.0,0.11447383501696926,0,0,0,0,1,0,0,0,1,0
Jogo_597,2.836342933312046,0.04547373329531025,0,9.0,0.027938880811947304,0,0,0,0,1,0,0,0,0,1
Jogo_138,4.332788946240198,0.02883973513660443,0,5.0,0.12390969439304786,0,0,0,0,1,0,0,0,1,0
Jogo_563,4.6598955114094665,0.024350884880014398,1,15.0,0.006068852684134037,1,0,0,0,0,0,0,0,0,1
Jogo_560,5.098293535778139,0.00044717340286742045,0,11.0,0.14692425175291784,0,0,0,0,1,0,1,0,0,0
Jogo_840,8.024716246267062,0.014357845528612781,0,7.0,0.09546053364076844,0,0,0,0,1,0,0,1,0,0
Jogo_225,2.528691342294002,0.03710444627600839,0,14.0,0.11039320312229853,0,1,0,0,0,0,0,0,1,0
Jogo_644,3.9433271762129807,0.03405516161138303,0,12.0,0.12276418607837492,0,1,0,0,0,0,0,0,0,1
Jogo_317,7.670924029738169,0.0141285728348928,1,10.0,0.1295660568189483,0,1,0,0,0,0,0,1,0,0
Jogo_245,3.858213586881399,0.032139116831418776,1,17.0,0.13372433601540568,1,0,0,0,0,0,1,0,0,0
Jogo_699,7.431765920072255,0.00013030727599328614,1,11.0,0.054675585713448244,0,1,0,0,0,0,0,1,0,0
Jogo_113,5.413465820882752,0.004103817969260806,0,11.0,0.07824855531792567,0,0,0,1,0,1,0,0,0,0
Jogo_846,9.435560662015222,0.009691307236596556,1,7.0,0.1511768625802661,0,0,1,0,0,0,0,0,1,0
Jogo_986,8.989445291574548,0.011472473457717128,1,18.0,0.03247282041634213,0,0,0,1,0,0,0,1,0,0
Jogo_547,2.564131751791818,0.015259816191261886,1,7.0,0.023073584529273054,0,1,0,0,0,0,0,0,0,1
Jogo_357,5.760127312511733,0.034166486536983,1,8.0,0.09645086175797916,0,0,1,0,0,0,0,0,1,0
Jogo_473,3.1047271046164955,0.031164677299036936,1,3.0,2.2626739308230504e-05,0,1,0,0,0,0,0,0,1,0
Jogo_109,7.718773250011291,0.045857532951140624,0,17.0,0.09587409849075561,0,0,0,0,1,0,0,0,0,1
Jogo_219,4.007244670721136,0.023830060188023167,1,13.0,0.14194057889310505,1,0,0,0,0,0,0,0,1,0
Jogo_46,5.501880097616166,0.017054580700198274,1,17.0,0.04561096714073963,1,0,0,0,0,0,1,0,0,0
Jogo_521,2.9711114308054194,0.04387645126219435,1,6.0,0.10539095284482261,1,0,0,0,0,0,0,1,0,0
Jogo_651,4.585018939171375,0.01683800774599532,0,7.0,0.12149722283338554,0,0,0,0,1,0,0,1,0,0
Jogo_269,7.900153531152404,0.01795996712615822,1,16.0,0.0750903444952303,1,0,0,0,0,0,0,0,0,1
Jogo_901,6.1351423785572,0.009944550888229937,1,15.0,0.08391555164260583,0,0,0,0,1,0,0,0,0,1
Jogo_798,1.3240180032628228,0.04873399993489086,0,10.0,0.1474683393779161,0,1,0,0,0,0,0,0,1,0
Jogo_727,5.863445032157843,0.02162457315114964,1,11.0,0.03952964436739191,1,0,0,0,0,1,0,0,0,0
Jogo_900,7.515829377287246,0.016027609964728597,0,6.0,0.022785960255181714,0,0,0,0,1,0,1,0,0,0
Jogo_870,5.501880097616166,0.0032187786926304745,1,11.0,0.0001250568944643933,0,1,0,0,0,1,0,0,0,0
Jogo_129,7.84857293593801,0.011523494516758805,0,15.0,0.03774612360923037,1,0,0,0,0,0,0,0,0,1
Jogo_301,6.672432078565402,0.04624911595348416,0,11.0,0.11576780513544965,1,0,0,0,0,0,0,1,0,0
Jogo_894,5.501880097616166,0.02303216484058455,0,18.0,0.0870943054826187,0,1,0,0,0,0,0,0,1,0
Jogo_126,5.0534659118320455,0.032922148153951704,1,11.0,0.07847595739112768,0,1,0,0,0,0,0,0,1,0
Jogo_710,5.501880097616166,0.009567117032305417,0,3.0,0.11006967029449033,0,0,1,0,0,0,1,0,0,0
Jogo_821,6.214367365292195,0.034953966635868,1,5.0,0.09045105912445797,0,1,0,0,0,0,0,0,1,0
Jogo_926,1.606680801437705,0.04316387876967885,0,11.0,0.02103592185879034,0,1,0,0,0,0,0,0,0,1
Jogo_527,5.783637013780801,0.04822025061775686,0,5.0,0.002113690676343663,0,0,0,1,0,0,0,0,1,0
Jogo_532,5.071003547114753,0.005941880843381579,1,15.0,0.05841387480522947,1,0,0,0,0,0,1,0,0,0
Jogo_369,7.398756457978014,0.021133551458284675,0,10.0,0.061989640986930286,0,0,0,0,1,0,0,1,0,0
Jogo_623,4.983503440077648,0.018243495399201913,1,11.0,0.011903518291926287,0,0,1,0,0,0,1,0,0,0
Jogo_752,5.501880097616166,0.005953344009484757,1,11.0,0.04327182780270006,0,1,0,0,0,0,0,0,0,1
Jogo_942,5.501880097616166,0.005054681348426816,0,14.0,0.0648176561342231,0,1,0,0,0,1,0,0,0,0
Jogo_154,5.501880097616166,0.02432808800837641,0,7.0,0.11656545140660879,0,1,0,0,0,0,0,1,0,0
Jogo_497,4.938499684855112,0.03574966717871793,1,4.0,0.09604488111344997,1,0,0,0,0,0,0,0,1,0
Jogo_360,8.217636690675636,0.020043009386988855,0,9.0,0.01929558729983388,0,0,0,0,1,1,0,0,0,0
Jogo_983,5.501880097616166,0.026889583479847233,1,11.0,0.006213284299357278,0,0,0,1,0,0,0,0,0,1
Jogo_258,9.459267169214131,0.03465243025665287,1,6.0,0.018326119660295164,0,0,1,0,0,1,0,0,0,0
Jogo_107,2.5093185415878647,0.022224023328024728,1,9.0,0.026777821191710894,0,0,0,1,0,0,1,0,0,0
Jogo_603,3.465087071283296,0.0010989696638739263,1,11.0,0.04262089920050144,0,1,0,0,0,0,0,1,0,0
Jogo_167,8.328345054804569,0.02392057899370583,0,11.0,0.13122508499147134,0,0,0,0,1,0,0,1,0,0
Jogo_319,7.801768568215476,0.0053381218228877375,0,10.0,0.06592002971758962,0,1,0,0,0,1,0,0,0,0
Jogo_48,3.7974106059082446,0.0006252953877577367,0,11.0,0.028994509192310104,0,0,1,0,0,0,1,0,0,0
Jogo_969,9.524075378857946,0.01476954713014093,0,16.0,0.10443943504130282,0,0,0,1,0,0,0,1,0,0
Jogo_466,1.878827172009561,0.0030617645379086562,0,10.0,0.05209538143428999,1,0,0,0,0,0,1,0,0,0
Jogo_512,2.9285176524115486,0.029709957644738074,1,7.0,0.03771228127883472,0,0,1,0,0,1,0,0,0,0
Jogo_704,8.536888331413898,0.01701069119057171,1,16.0,0.12526847969674326,0,0,0,0,1,0,0,1,0,0
Jogo_794,3.653553212526957,0.01970301381955984,0,11.0,0.11999987208420618,0,1,0,0,0,0,0,0,1,0
Jogo_57,1.3841008862286015,0.0018980522028541487,0,4.0,0.0019270819701049761,1,0,0,0,0,0,0,0,1,0
Jogo_436,5.501880097616166,0.018151658185663177,1,16.0,0.06100619127823094,0,0,0,1,0,0,1,0,0,0
Jogo_480,2.343492281514079,0.04430512540007107,1,4.0,0.0789739005555579,0,0,0,1,0,0,0,0,0,1
Jogo_775,5.501880097616166,0.006837311656301568,0,12.0,0.09068032122870479,0,1,0,0,0,0,1,0,0,0
Jogo_759,8.514404180675623,0.017234999204339435,1,11.0,0.03594779221186896,0,0,0,0,1,0,0,1,0,0
Jogo_332,4.328672823044574,0.049117120965968965,0,13.0,0.039960586747338836,0,0,0,0,1,0,0,0,0,1
Jogo_667,2.9846656579140984,0.04587864234092774,1,6.0,0.08878793417992108,0,1,0,0,0,1,0,0,0,0
Jogo_598,1.3534932919458036,0.01867168218990932,1,7.0,0.027509201999545967,1,0,0,0,0,0,0,0,0,1
Jogo_781,3.9412952783688855,0.035100587858408465,0,12.0,0.0795363742250393,0,0,0,0,1,0,0,0,0,1
Jogo_177,6.577353201743722,0.006013661405536178,1,7.0,0.09488523445389493,0,1,0,0,0,0,0,1,0,0
Jogo_462,7.301113229953238,0.012086218155179991,0,10.0,0.12482926772227171,0,1,0,0,0,1,0,0,0,0
Jogo_100,7.204807714339347,0.03290768642431299,0,4.0,0.004590263720361695,1,0,0,0,0,0,0,0,1,0
Jogo_816,5.501880097616166,0.010020808217582033,0,4.0,0.13414632338321852,1,0,0,0,0,0,1,0,0,0
Jogo_463,7.713877767764269,0.044844443714635536,1,18.0,0.0760156952999048,0,0,1,0,0,0,0,0,1,0
Jogo_958,3.3434674495812224,0.04597302493538664,0,4.0,0.07322490805183476,0,0,0,1,0,0,1,0,0,0
Jogo_259,8.147350434671175,0.036603148170888944,0,11.0,0.13055020148040242,1,0,0,0,0,0,0,0,0,1
Jogo_715,4.019621546954335,0.04258909903048943,1,16.0,0.043106810533011714,0,0,1,0,0,0,0,1,0,0
Jogo_921,7.219497574421538,0.015767125451554967,0,5.0,0.13458806274964444,1,0,0,0,0,0,1,0,0,0
Jogo_441,2.9516764728881366,0.016965359066519397,1,11.0,0.04263280956100815,1,0,0,0,0,1,0,0,0,0
Jogo_772,1.31788664682578,0.0414731995392359,0,11.0,0.04483182639107407,0,1,0,0,0,0,0,0,1,0
Jogo_84,4.741909804716952,0.04765911031384948,1,13.0,0.11667881783855188,0,0,0,0,1,0,0,1,0,0
Jogo_502,8.273698408109228,0.028881541189125566,1,10.0,0.0663347236162026,0,0,0,0,1,0,0,0,1,0
Jogo_839,5.501880097616166,0.0071875235176569385,1,11.0,0.020892705543712285,0,1,0,0,0,0,0,1,0,0
Jogo_829,9.470951122544976,0.03452340957047762,0,11.0,0.04048648175290867,0,1,0,0,0,0,0,0,1,0
Jogo_693,9.029026589932537,0.04930306234544767,0,6.0,0.05094101053986427,0,1,0,0,0,0,0,0,0,1
Jogo_648,7.70846030113957,0.03059992993931883,1,17.0,0.0994088823470172,0,0,0,0,1,0,0,0,1,0
Jogo_63,1.677312061273069,0.03215030075705002,1,3.0,0.0486910849373557,0,0,0,1,0,0,0,1,0,0
Jogo_399,4.512621790701132,0.03930324237399417,1,15.0,0.10442920587112575,0,1,0,0,0,0,1,0,0,0
Jogo_132,4.915921583859975,0.004001156979160215,1,5.0,0.157474996545599,1,0,0,0,0,0,0,0,0,1
Jogo_687,1.9314264208852607,0.04630604174596949,0,14.0,0.0323074451530576,0,1,0,0,0,0,0,0,1,0
Jogo_600,2.767926570611315,0.01411296170614803,1,11.0,0.04311444665525671,0,0,0,0,1,0,0,0,1,0
Jogo_817,8.516530036284674,0.026320504509848495,0,15.0,0.05104992917424177,0,0,0,1,0,0,0,0,0,1
Jogo_474,4.800339409598461,0.0024480796495790946,1,10.0,0.08326815319398734,0,1,0,0,0,0,1,0,0,0
Jogo_854,9.290850410418232,0.03281663665211004,1,8.0,0.040385907955430636,0,0,0,0,1,0,1,0,0,0
Jogo_374,7.50665214784321,0.02926607011293042,0,14.0,0.05206971622585008,1,0,0,0,0,0,0,0,0,1
Jogo_957,4.5600050509260495,0.030223026283595595,1,16.0,0.11108951657644994,0,0,0,0,1,0,1,0,0,0
Jogo_996,5.501880097616166,0.03837136747902704,0,6.0,0.008791029583879537,0,0,0,1,0,1,0,0,0,0
Jogo_988,2.395515090169015,0.017021334554773768,0,17.0,0.05242617207468056,0,1,0,0,0,1,0,0,0,0
Jogo_384,4.119489256034025,0.023816399567735708,1,6.0,0.12193110310154567,0,0,0,1,0,0,0,0,1,0
Jogo_403,6.822974667396605,0.01887730758994288,1,11.0,0.0953337618942225,1,0,0,0,0,0,0,0,0,1
Jogo_646,9.957061960516118,0.006667055760622043,0,10.0,0.04413240140832331,0,0,0,0,1,1,0,0,0,0
Jogo_552,5.310564592495143,0.044895282143557654,1,8.0,0.018603370901043973,1,0,0,0,0,0,1,0,0,0
Jogo_64,1.1387089910032024,8.847838560320986e-05,0,17.0,0.07472424332275827,0,0,0,0,1,0,0,1,0,0
Jogo_208,8.201427071213622,0.04721031742380586,1,11.0,0.11065233918571515,0,0,1,0,0,0,1,0,0,0
Jogo_498,2.6090289646724827,0.04894736397247098,0,11.0,0.0906087061301318,0,0,0,0,1,0,0,1,0,0
Jogo_858,5.501880097616166,0.02799274218794511,0,5.0,0.09832619102293647,0,0,1,0,0,0,1,0,0,0
Jogo_81,5.501880097616166,0.030610568126624577,1,17.0,0.11253697226623302,1,0,0,0,0,1,0,0,0,0
Jogo_610,5.026010448391064,0.018373663660732804,0,11.0,0.09886042659818733,0,1,0,0,0,1,0,0,0,0
Jogo_824,2.6064610509705,0.02941437307902643,1,13.0,0.10087306691056408,0,0,1,0,0,0,0,0,0,1
Jogo_115,6.511132919764179,0.027179227914582774,0,12.0,0.05064459327678755,1,0,0,0,0,0,0,0,0,1
Jogo_959,5.633949821011221,0.027072134122109827,1,9.0,0.06876122862225469,0,0,0,1,0,0,1,0,0,0
Jogo_691,9.534504402348295,0.017277610183800578,1,17.0,0.10894115651334699,1,0,0,0,0,1,0,0,0,0
Jogo_594,5.048659121544064,0.027269652080235803,1,11.0,0.013330928507734516,0,0,0,1,0,1,0,0,0,0
Jogo_934,7.521862112445643,0.4396600492073114,0,12.0,0.10040460715690752,0,0,0,0,1,0,1,0,0,0
Jogo_230,5.501880097616166,0.04167760198982976,0,18.0,0.13094452085643457,0,0,1,0,0,0,0,1,0,0
Jogo_653,5.41849496047467,0.0009806774313725164,1,9.0,0.08157578717207803,0,1,0,0,0,0,0,0,1,0
Jogo_933,5.59474960501486,0.010040548605815812,0,9.0,0.01306699533632737,0,0,1,0,0,0,0,0,1,0
Jogo_272,4.238266083149922,0.03589828537860059,0,6.0,0.10605204649335073,0,0,0,1,0,0,1,0,0,0
Jogo_427,9.171324314481176,0.028455260285876433,1,12.0,0.004077061707218273,0,0,0,0,1,0,1,0,0,0
Jogo_375,5.346281731634838,0.02636362322873041,1,11.0,0.11028370227396866,0,0,0,0,1,0,1,0,0,0
Jogo_977,3.053895175262049,0.004829480682408938,0,11.0,0.028891251636271053,0,0,0,1,0,0,0,0,0,1
Jogo_698,3.290861784018146,0.046371326791964707,1,15.0,0.12347994622483466,1,0,0,0,0,0,0,0,1,0
Jogo_726,9.351501015968331,0.015239897618186263,0,14.0,0.05810871904053605,0,0,1,0,0,1,0,0,0,0
Jogo_671,4.376591490724666,0.00681660290247494,0,7.0,0.0690784023600679,0,0,0,0,1,0,0,0,0,1
Jogo_6,5.501880097616166,0.048888623079836824,0,4.0,0.10043842480673712,0,0,0,1,0,0,0,1,0,0
Jogo_172,3.484177109535076,0.025122255705443196,0,10.0,0.06223863360109061,0,1,0,0,0,1,0,0,0,0
Jogo_549,3.074399765934098,0.04875658002200242,1,15.0,0.014750032100190009,0,1,0,0,0,1,0,0,0,0
Jogo_372,1.3756642295851642,0.007468913154338695,0,6.0,0.020708950424233877,1,0,0,0,0,1,0,0,0,0
Jogo_593,9.497045999470917,0.04357672896685089,1,10.0,0.11233773174620398,0,0,0,1,0,0,1,0,0,0
Jogo_40,7.644103352499171,0.03283743399133691,1,11.0,0.12636673554815847,1,0,0,0,0,0,1,0,0,0
Jogo_305,7.459517577676899,0.012464381943327192,1,6.0,0.11785389263372217,0,1,0,0,0,0,0,0,1,0
Jogo_724,5.501880097616166,0.04691593727923223,1,7.0,0.1122480660872476,1,0,0,0,0,0,1,0,0,0
Jogo_307,6.214626341588264,0.0031757700835536528,0,11.0,0.044810152613912246,0,1,0,0,0,0,0,0,0,1
Jogo_17,8.331073522661192,0.04308125088842998,0,7.0,0.05410520519633105,1,0,0,0,0,0,0,0,1,0
Jogo_864,7.799846365661501,0.03715280723758492,0,7.0,0.024937646341302053,1,0,0,0,0,0,1,0,0,0
Jogo_993,8.690585431211286,0.022494706560899677,1,18.0,0.01545370597037413,0,0,0,1,0,0,0,0,0,1
Jogo_191,9.664048941112409,0.026439933647165178,0,7.0,0.07452895338394702,1,0,0,0,0,0,0,1,0,0
Jogo_526,9.026081940274642,0.024739736720729665,0,12.0,0.14863831905476288,0,1,0,0,0,0,1,0,0,0
Jogo_518,7.538655356319038,0.0062155886599963,1,11.0,0.1304902151338034,0,0,0,1,0,0,0,1,0,0
Jogo_753,5.501880097616166,0.03953677494140352,1,4.0,0.15735197086731717,0,0,0,0,1,0,1,0,0,0
Jogo_771,9.952793006661306,0.01961102547110246,0,13.0,0.11284139206589239,0,1,0,0,0,0,0,1,0,0
Jogo_437,5.501880097616166,0.020106312269818453,0,11.0,0.06466757220487644,0,1,0,0,0,0,0,0,0,1
Jogo_18,5.272408348829087,0.006569987100307382,0,11.0,0.10007944526075482,0,1,0,0,0,0,0,0,0,1
Jogo_32,8.429975925169714,0.02217460652267279,0,11.0,0.012065168204704779,0,0,0,0,1,0,0,0,1,0
Jogo_53,5.501880097616166,0.03394818831174346,0,16.0,0.014275338261022303,0,0,1,0,0,0,1,0,0,0
Jogo_565,7.550709091176121,0.033158430696840484,1,13.0,0.06162038085254812,0,0,1,0,0,0,0,1,0,0
Jogo_421,2.9790094156489286,0.012652150969936224,0,11.0,0.15305447120414994,0,0,0,1,0,0,0,1,0,0
Jogo_660,3.733878545757352,0.036723826239582175,1,4.0,0.13117013351415013,1,0,0,0,0,1,0,0,0,0
Jogo_822,2.0985872320249905,0.042942196074754475,1,3.0,0.1018117915610485,0,1,0,0,0,0,0,0,0,1
Jogo_908,1.766700264638399,0.00845135270558803,1,16.0,0.1291880204493728,1,0,0,0,0,0,0,1,0,0
Jogo_453,4.549571394640935,0.020102503508922495,1,3.0,0.0666414161003004,1,0,0,0,0,1,0,0,0,0
Jogo_904,9.331361534642722,0.020481592696127593,1,9.0,0.04047565409557742,0,0,1,0,0,0,1,0,0,0
Jogo_78,2.402850574706972,0.047418748064117444,1,3.0,0.02475524262631826,1,0,0,0,0,0,0,0,1,0
Jogo_717,4.461433796676973,0.0001865813015247377,1,5.0,0.10850421454140927,1,0,0,0,0,0,0,0,0,1
Jogo_569,9.335141644381782,0.005622563470821499,0,5.0,0.1200070629765029,0,0,1,0,0,0,0,0,1,0
Jogo_42,8.779657408095284,0.011380712812205913,1,6.0,0.1540524203469456,0,1,0,0,0,1,0,0,0,0
Jogo_236,2.6919689247050744,0.02703882580523382,1,13.0,0.10709662393759392,0,0,0,0,1,1,0,0,0,0
Jogo_675,3.852936700580696,0.04725612512554867,0,16.0,0.07112145028585097,1,0,0,0,0,0,0,1,0,0
Jogo_27,3.1141983625822984,0.019900114105785596,1,5.0,0.13491356692860437,1,0,0,0,0,0,0,0,0,1
Jogo_586,3.7160275558994655,0.022314527120788585,1,11.0,0.12570582592093865,0,0,0,0,1,0,0,0,1,0
Jogo_918,5.477568990988311,0.0028644235608645857,0,4.0,0.057343182105761295,1,0,0,0,0,0,0,0,0,1
Jogo_25,1.219523174026362,0.04683207993968669,0,7.0,0.03370396047157581,0,0,0,0,1,0,0,0,1,0
Jogo_592,7.22638767266968,0.018962362330025025,1,17.0,0.09352248379479387,0,0,1,0,0,0,0,0,1,0
Jogo_907,5.644967622280655,0.02466041360038997,0,8.0,0.06764473413930704,0,0,0,0,1,0,1,0,0,0
Jogo_745,9.352696219975387,0.024554739124005378,1,18.0,0.06263164821886098,1,0,0,0,0,1,0,0,0,0
Jogo_344,2.0354508302465506,0.042272354681685775,1,17.0,0.05638212287955639,0,1,0,0,0,0,0,1,0,0
Jogo_746,5.494167352674323,0.01852652053856404,1,5.0,0.14640443987798746,1,0,0,0,0,0,0,0,1,0
Jogo_287,4.895149689506619,0.04516083653772333,1,10.0,0.08123878417026326,0,0,0,0,1,0,0,1,0,0
Jogo_214,3.3494986248188043,0.023520987083895873,0,10.0,0.10230595335926587,1,0,0,0,0,0,0,1,0,0
Jogo_134,2.885313573640518,0.02048745320266458,0,7.0,0.10295930743600326,1,0,0,0,0,0,1,0,0,0
Jogo_105,3.541506557648905,0.026266306609338003,0,15.0,0.1308146944056392,1,0,0,0,0,0,1,0,0,0
Jogo_7,3.6352829224203127,0.017747104363042766,0,5.0,0.1276592388816094,0,1,0,0,0,0,1,0,0,0
Jogo_125,3.230950596685446,0.02280461905414475,1,13.0,0.037958501307435055,0,0,0,1,0,1,0,0,0,0
Jogo_561,7.793656378476172,0.01145937651074016,1,18.0,0.07338216172135224,0,0,1,0,0,0,0,0,0,1
Jogo_416,5.501880097616166,0.04137140942540277,1,8.0,0.13373655376757818,0,0,0,0,1,1,0,0,0,0
Jogo_763,3.3441000451262526,0.03761697752878447,1,6.0,0.133124334029175,0,0,1,0,0,0,1,0,0,0
Jogo_366,4.9107842781498725,0.04630231558776141,0,11.0,0.03602356683926056,0,0,0,1,0,0,0,0,0,1
Jogo_692,9.664649617677984,0.006520349798254858,0,12.0,0.026587028996862248,1,0,0,0,0,0,0,1,0,0
Jogo_835,1.5543011281592922,0.01786376528141163,1,15.0,0.03931926835872651,0,1,0,0,0,0,0,0,1,0
Jogo_788,5.501880097616166,0.04884454408676214,0,11.0,0.11234300924819823,0,0,0,0,1,0,0,0,1,0
Jogo_566,2.059888472342112,0.04674655579262566,1,11.0,0.1356573470287902,0,1,0,0,0,0,1,0,0,0
Jogo_548,3.688294387623691,0.017028470653617647,1,13.0,0.05689572691814396,0,1,0,0,0,0,0,1,0,0
Jogo_199,3.159193607034139,0.02663539255382053,0,12.0,0.03653652028250062,0,0,0,0,1,0,0,0,1,0
Jogo_541,2.98936246707793,0.01595436650795938,1,10.0,0.07381256682905535,1,0,0,0,0,0,0,0,1,0
Jogo_418,1.031702027925541,0.004196029301165619,1,6.0,0.0804866547711466,0,0,1,0,0,0,0,0,1,0
Jogo_299,9.150199656209365,0.026229403742898914,1,13.0,0.015057045782894112,0,1,0,0,0,0,1,0,0,0
Jogo_119,7.321645413653547,0.0026763171592160038,0,11.0,0.04483117556351922,0,1,0,0,0,0,0,0,1,0
Jogo_459,6.596081558498238,0.023946602848898487,0,11.0,0.09621040377130763,1,0,0,0,0,0,0,1,0,0
Jogo_80,2.0536116545695835,0.01007734282163148,0,15.0,0.07796757676131301,0,0,1,0,0,0,0,0,0,1
Jogo_500,4.580416719607564,0.034115985473020624,0,18.0,0.012388484913819425,0,0,1,0,0,0,0,0,0,1
Jogo_271,8.750612264327994,0.0037106950438417882,0,8.0,0.12894464214364568,0,0,1,0,0,0,0,0,1,0
Jogo_478,5.501880097616166,0.024276390183506517,0,6.0,0.02999488915587169,0,0,1,0,0,0,0,1,0,0
Jogo_224,4.568919550605119,0.04833993064663364,1,16.0,0.017639918589029722,0,1,0,0,0,0,1,0,0,0
Jogo_211,6.403634269178168,0.0121656099262614,0,6.0,0.06025254662270599,0,0,0,1,0,1,0,0,0,0
Jogo_553,3.2492245343573662,0.00666003386453512,1,9.0,0.09787499263309218,0,0,0,1,0,0,0,1,0,0
Jogo_396,6.294865962542538,0.027303273594044043,1,17.0,0.13305732780096485,0,1,0,0,0,1,0,0,0,0
Jogo_434,7.134855507233913,0.04156309451981525,0,15.0,0.07487893686882374,0,0,0,0,1,0,0,1,0,0
Jogo_606,3.364146681371307,0.03649200396958816,0,7.0,0.009686792221508703,0,1,0,0,0,0,0,1,0,0
Jogo_267,5.484676467908773,0.04925263242536603,0,16.0,0.006190150055218859,0,0,0,0,1,0,0,0,0,1
Jogo_800,8.795031622213276,0.013727176531050218,0,12.0,0.11531637312951923,0,1,0,0,0,0,0,1,0,0
Jogo_911,3.2872785813753675,0.010024665696119815,1,14.0,0.08559121173307573,1,0,0,0,0,0,0,0,0,1
Jogo_348,9.102793159693215,0.020630783870795994,1,7.0,0.036368134515504386,0,1,0,0,0,1,0,0,0,0
Jogo_872,4.571033352186168,0.010670054274494254,1,11.0,0.1349290461156911,1,0,0,0,0,0,0,0,1,0
Jogo_755,4.502641700728403,0.03349528813674485,0,12.0,0.11635360595789684,0,0,0,0,1,1,0,0,0,0
Jogo_300,5.501880097616166,0.0029276164844825358,1,4.0,0.14622522847220554,0,1,0,0,0,0,0,0,1,0
Jogo_433,4.509287198624594,0.026802573340079575,0,17.0,0.078648685813532,0,1,0,0,0,0,1,0,0,0
Jogo_481,8.29814393922522,0.02483065929045258,0,11.0,0.11316454448799984,1,0,0,0,0,0,0,1,0,0
Jogo_386,1.501646670985482,0.012501416910342646,1,8.0,0.002952506624890265,0,0,1,0,0,0,0,0,0,1
Jogo_15,9.384728462308416,0.0020629001254128497,0,6.0,0.055198667773266666,1,0,0,0,0,0,0,0,1,0
Jogo_825,2.1783733510571865,0.003371415110468058,0,11.0,0.1011155033257699,0,0,0,0,1,0,0,0,0,1
Jogo_898,7.68323033070609,0.011112761757001316,1,15.0,0.010651241248790955,0,0,0,0,1,0,0,1,0,0
Jogo_877,6.772304467787036,0.026805554431320742,0,5.0,0.14889606587720836,0,0,1,0,0,1,0,0,0,0
Jogo_101,3.0881632404497577,0.024695257976472134,1,6.0,0.062435781488607026,0,0,1,0,0,0,0,0,0,1
Jogo_438,5.062401355883157,0.014830072803774658,0,16.0,0.11711235374677581,0,1,0,0,0,0,0,0,1,0
Jogo_756,5.501880097616166,0.04825608210716177,1,11.0,0.15108306264592877,0,0,0,0,1,0,0,1,0,0
Jogo_802,3.69054301863856,0.048530131857289396,0,15.0,0.14192891362884386,0,0,0,0,1,1,0,0,0,0
Jogo_420,8.289459195642294,0.014180528876398812,0,10.0,0.08919675657232255,0,0,0,1,0,1,0,0,0,0
Jogo_288,9.287544487095037,0.01601641845588394,1,12.0,0.0208245493215074,0,0,0,0,1,0,0,0,1,0
Jogo_944,6.063424244168026,0.041445568296006895,1,6.0,0.00707617654859136,0,0,1,0,0,0,0,0,1,0
Jogo_30,7.053846915792133,0.034681051433143956,1,7.0,0.10829010639017236,0,1,0,0,0,0,0,0,0,1
Jogo_882,1.659913768172069,0.03178034335960941,1,11.0,0.0438596285181785,0,0,0,1,0,0,0,0,1,0
Jogo_964,4.305036821118592,0.005860957772998174,1,10.0,0.12508379628714494,0,1,0,0,0,0,1,0,0,0
Jogo_143,5.501880097616166,0.004479387301918122,0,3.0,0.05121570346500842,1,0,0,0,0,0,0,0,0,1
Jogo_266,9.177924902739328,0.04292400184129697,1,7.0,0.1547198599496632,1,0,0,0,0,0,1,0,0,0
Jogo_253,6.079218532670897,0.044319156647414246,0,11.0,0.011233826836438702,0,0,1,0,0,0,0,0,0,1
Jogo_633,9.541896650841746,0.02945865489147365,0,4.0,0.12355563536131828,0,1,0,0,0,0,0,0,1,0
Jogo_819,9.318840390301064,0.015485289431897599,0,14.0,0.13807062769895698,0,0,1,0,0,0,0,0,1,0
Jogo_574,9.330879535244977,0.04589850636737173,1,8.0,0.03394601831520762,0,0,0,0,1,1,0,0,0,0
Jogo_174,5.501880097616166,0.02401822818536891,0,6.0,0.01871362402744504,0,0,1,0,0,0,0,0,1,0
Jogo_718,2.164612837758133,0.0051028316839140265,1,15.0,0.05791919191411836,0,0,1,0,0,1,0,0,0,0
Jogo_887,5.501880097616166,0.010152332827183478,0,12.0,0.13929663892744656,0,0,1,0,0,1,0,0,0,0
Jogo_292,5.008136939020556,0.016951589169345478,0,14.0,0.09580131656015843,0,0,0,0,1,0,0,1,0,0
Jogo_847,4.649105599485329,0.03449998099232645,1,16.0,0.14055004236061042,0,0,1,0,0,0,0,0,1,0
Jogo_801,9.029431563409991,0.01808184356520015,0,14.0,0.009465680971292221,0,0,0,1,0,0,0,1,0,0
Jogo_455,5.474805825948179,0.0039054892205154907,0,6.0,0.14553360864023432,0,0,1,0,0,0,1,0,0,0
Jogo_682,7.742674161259807,0.011158497170646833,1,12.0,0.07946183285550432,0,0,0,1,0,0,0,0,1,0
Jogo_612,8.1137859583013,0.02306611743118553,0,6.0,0.07223512776165548,0,1,0,0,0,0,1,0,0,0
Jogo_326,6.540514299098231,0.00350970951000266,0,12.0,0.09407412023984676,0,0,1,0,0,0,0,0,0,1
Jogo_712,5.5419501360122325,0.041771876965632976,0,15.0,0.12658191735391078,0,0,0,1,0,0,0,1,0,0
Jogo_513,9.449484960194043,0.038846889160344795,0,16.0,0.10295399635710736,0,0,0,0,1,0,0,0,0,1
Jogo_571,9.936623410722914,0.0010100810390422195,1,11.0,0.09915446521999272,0,1,0,0,0,1,0,0,0,0
Jogo_778,7.801015304861304,0.021718802060798067,1,14.0,0.00731673725760108,0,0,0,0,1,0,0,1,0,0
Jogo_719,6.725942061296905,0.011176418621787854,1,11.0,0.11665604994168732,0,0,0,0,1,1,0,0,0,0
Jogo_469,7.183535423028183,0.03588625846304587,0,10.0,0.018124612333560264,0,1,0,0,0,0,0,0,0,1
Jogo_493,3.6241969964601215,0.021528628616696823,0,8.0,0.04955678868144299,0,0,1,0,0,0,0,0,1,0
Jogo_368,5.501880097616166,0.04376718295811582,1,9.0,0.0838949877243043,0,0,0,0,1,0,0,0,0,1
Jogo_857,8.839424255450982,0.03455663240886149,0,10.0,0.07593231096649845,0,0,1,0,0,0,0,1,0,0
Jogo_343,7.951598429238036,0.036673157571777845,0,11.0,0.06464713492450617,0,0,0,0,1,0,1,0,0,0
Jogo_350,1.535060195471898,0.04485657207954131,1,9.0,0.15466970501247462,0,0,1,0,0,0,0,0,0,1
Jogo_735,9.152498857503854,0.04328462349638178,1,8.0,0.14449750192012334,1,0,0,0,0,0,0,0,1,0
Jogo_767,5.501880097616166,0.03667302103650424,1,11.0,0.13166249471868152,0,1,0,0,0,0,0,1,0,0
Jogo_702,3.754693625578352,0.04692307481316944,0,11.0,0.04806772482099897,1,0,0,0,0,0,1,0,0,0
Jogo_714,9.73997466653628,0.03935780434848071,1,12.0,0.13091458567601771,0,0,0,0,1,0,0,0,1,0
Jogo_580,6.993294330056387,0.003463941456480308,0,15.0,0.017906763314760977,0,1,0,0,0,1,0,0,0,0
Jogo_135,8.224712467132338,0.025875609434606855,0,11.0,0.1411521485707431,0,1,0,0,0,1,0,0,0,0
Jogo_799,1.6450842732580808,0.013388920500077143,1,15.0,0.01872678737656489,0,1,0,0,0,0,0,0,1,0
Jogo_769,2.502777038900951,0.012287610301156205,0,6.0,0.0036233281594684995,1,0,0,0,0,1,0,0,0,0
Jogo_247,7.634551662464107,0.03997685432941942,0,7.0,0.03560559285291394,0,0,1,0,0,0,0,0,1,0
Jogo_308,1.0746438250455048,0.03565413444253095,1,12.0,0.053351871990995295,0,0,0,1,0,1,0,0,0,0
Jogo_294,8.977017330978253,0.01912500536867701,1,14.0,0.052848964812671886,1,0,0,0,0,1,0,0,0,0
Jogo_931,9.122394116097317,0.026569986698113595,1,4.0,0.07879651041143072,0,0,0,1,0,0,0,0,1,0
Jogo_377,4.425741585250534,0.022732877130941923,1,5.0,0.011739264957744026,0,0,1,0,0,0,0,0,0,1
Jogo_963,9.67746921354964,0.0457255695544232,1,5.0,0.08239995922521066,0,0,0,1,0,0,0,0,1,0
Jogo_703,8.968480236244556,0.03754084769471657,0,6.0,0.1291091584183523,1,0,0,0,0,0,0,1,0,0
Jogo_668,8.471587718925136,0.005017180069841186,1,7.0,0.08184820647456184,0,0,0,1,0,0,0,0,1,0
Jogo_747,1.420213803942728,0.01022510048737022,1,16.0,0.10708122778206419,0,0,0,1,0,1,0,0,0,0
Jogo_618,1.6333743706667132,0.03425407742089449,1,6.0,0.020516547562895737,0,0,0,0,1,0,0,0,1,0
Jogo_768,5.501880097616166,0.04350313257157987,1,3.0,0.01733202764019204,1,0,0,0,0,0,0,1,0,0
Jogo_146,9.589104747628625,0.02105814980404002,1,11.0,0.0939318564223065,0,1,0,0,0,1,0,0,0,0
Jogo_749,2.336536480082988,0.001817616814893804,0,4.0,0.0981954653516055,0,0,0,1,0,0,0,0,0,1
Jogo_805,8.377358676157272,0.012908350598512903,0,7.0,0.1057510313674204,1,0,0,0,0,0,0,0,0,1
Jogo_849,3.4138338250932883,0.04228985553547161,1,17.0,0.1001534855384292,0,1,0,0,0,0,0,1,0,0
Jogo_539,2.57605869558366,0.03614947285862918,0,10.0,0.09308849254252848,0,0,1,0,0,0,0,0,1,0
Jogo_140,8.678641936269138,0.019558892769723165,1,6.0,0.15483238954197936,0,0,0,0,1,0,0,0,0,1
Jogo_892,1.840086649169399,0.024231962324425562,0,13.0,0.1114719567714344,0,0,1,0,0,0,0,0,0,1
Jogo_477,6.198902822227341,0.03611764327584876,1,11.0,0.07805127085414523,1,0,0,0,0,0,0,1,0,0
Jogo_370,5.750644532033473,0.02615577203003863,1,11.0,0.060256729024753417,0,0,0,0,1,0,0,0,1,0
Jogo_973,3.051740132550456,0.02595303800508061,0,17.0,0.026978289905762887,0,0,0,0,1,0,1,0,0,0
Jogo_501,8.227969940621172,0.02824444902785703,1,17.0,0.043300248636894426,0,1,0,0,0,0,0,0,0,1
Jogo_26,7.099391987726711,0.03537886664470251,0,18.0,0.097727171915298,0,0,1,0,0,0,0,0,1,0
Jogo_155,7.609899744499114,0.02153412296602543,0,11.0,0.12764845293195848,0,0,1,0,0,0,0,1,0,0
Jogo_880,7.103341572670118,0.005336050793121768,0,6.0,0.13203722643186716,0,0,1,0,0,0,0,0,0,1
Jogo_390,2.9162561766712662,0.012935473601378693,0,9.0,0.09695040124663185,1,0,0,0,0,0,0,1,0,0
Jogo_654,8.389513922736093,0.0036589877770255423,1,14.0,0.02461141019830514,0,0,1,0,0,1,0,0,0,0
Jogo_677,8.589987909546425,0.025852701431247082,1,11.0,0.009032004150811759,0,0,1,0,0,0,0,0,1,0
Jogo_356,7.72930245551025,0.040186418801912475,0,8.0,0.11434744031026853,0,0,1,0,0,0,0,0,0,1
Jogo_389,7.2033096749045225,0.0028823499438701138,0,6.0,0.14444648685446768,0,0,1,0,0,0,0,1,0,0
Jogo_584,5.501880097616166,0.03717528893479859,1,6.0,0.016253677934476105,0,0,0,1,0,0,0,1,0,0
Jogo_99,8.904266219917291,0.01612268124362366,0,12.0,0.1476011437029389,0,1,0,0,0,0,0,0,0,1
Jogo_373,6.440494113181307,0.014005211395949338,0,11.0,0.018815141957955476,1,0,0,0,0,0,0,0,0,1
Jogo_818,9.974359161191806,0.049227148303665896,0,11.0,0.11169401436228427,0,0,0,1,0,0,0,0,1,0
Jogo_166,2.476449257047343,0.0025355453204713484,0,16.0,0.1434499862722511,0,0,1,0,0,1,0,0,0,0
Jogo_583,5.240583726359949,0.02352583494312141,1,11.0,0.07811774478633154,1,0,0,0,0,0,0,1,0,0
Jogo_23,5.4935277414964725,0.01332542378625663,0,13.0,0.10262242673007291,1,0,0,0,0,0,0,0,0,1
Jogo_632,7.279231465001464,0.017323662406955726,0,5.0,0.07542821511643252,0,0,1,0,0,0,0,1,0,0
Jogo_204,3.0234340400931146,0.004888271425956123,1,11.0,0.03192387598909917,1,0,0,0,0,0,0,1,0,0
Jogo_33,5.501880097616166,0.043173575578867925,1,11.0,0.028269479334304615,0,0,0,0,1,0,0,0,0,1
Jogo_737,1.902429923241618,0.03002535795616088,1,14.0,0.10203753925863973,0,0,1,0,0,0,0,0,0,1
Jogo_558,7.477067114573894,0.02511613982180875,0,16.0,0.03740372310644853,0,0,1,0,0,0,0,1,0,0
Jogo_701,2.3493475511798514,0.04694467549545978,0,3.0,0.8317828079186701,0,0,0,1,0,0,0,0,1,0
Jogo_628,8.719395291848837,0.037645262613539794,1,4.0,0.004411956380949909,0,0,0,1,0,0,0,0,1,0
Jogo_938,1.695456071196928,0.006459169350195367,0,8.0,0.04287779178177269,0,0,0,0,1,1,0,0,0,0
Jogo_814,7.676066191062024,0.03091875610614246,1,8.0,0.10898444088111645,0,0,0,1,0,0,1,0,0,0
Jogo_9,3.038275048312108,0.007556332087153688,0,13.0,0.11018869475722401,0,0,0,1,0,0,0,0,1,0
Jogo_10,4.420962699429351,0.0328906536141282,0,17.0,0.08863280810241018,0,1,0,0,0,0,0,0,0,1
Jogo_79,8.168275425861237,0.032608290736815294,1,9.0,0.09528892735091207,0,0,1,0,0,0,0,1,0,0
Jogo_570,4.264571091092646,0.036984045847494595,1,5.0,0.0008816253587412108,0,0,1,0,0,1,0,0,0,0
Jogo_789,5.629432963635713,0.047776937371605016,1,9.0,0.03492752224496176,0,0,0,1,0,0,1,0,0,0
Jogo_118,3.690110590879662,0.04518618573509518,0,18.0,0.01600883342685232,1,0,0,0,0,0,0,1,0,0
Jogo_522,5.501880097616166,0.04198170312617524,0,12.0,0.11254647749545679,1,0,0,0,0,0,0,0,0,1
Jogo_234,1.6354210569593342,0.034973284819117115,0,7.0,0.15114761972344773,0,0,0,1,0,0,0,0,0,1
Jogo_513,9.449484960194043,0.038846889160344795,0,16.0,0.10295399635710736,0,0,0,0,1,0,0,0,0,1
Jogo_536,7.442563977976349,0.004574992067574084,1,9.0,0.13028036168024945,1,0,0,0,0,0,1,0,0,0
Jogo_289,3.9497744270613366,0.01255205481685121,1,9.0,0.08436283097083709,0,0,0,1,0,0,0,0,1,0
Jogo_216,2.6923124790373727,0.022459731511679657,0,4.0,0.05434508378439537,0,0,1,0,0,0,0,1,0,0
Jogo_49,5.501880097616166,0.04637668508878397,1,11.0,0.11785140022968696,0,0,0,0,1,0,1,0,0,0
Jogo_689,1.2922571574759152,0.023319014820978957,0,18.0,0.025971189481725245,1,0,0,0,0,0,0,0,1,0
Jogo_664,7.118636399966862,0.00680225925893922,1,4.0,0.08180971337008192,0,0,0,1,0,0,0,0,1,0
Jogo_885,4.332684621794241,0.027168841636036847,0,4.0,0.0037545152977804357,0,1,0,0,0,0,0,1,0,0
Jogo_678,6.444158270004926,0.04299211598582152,1,16.0,0.027548083057443818,0,1,0,0,0,0,0,0,0,1
Jogo_602,5.3692958659507655,0.0475045985928196,1,8.0,0.12090161011845399,0,0,1,0,0,0,0,0,1,0
Jogo_144,9.836777753531583,0.02633013765581658,0,6.0,0.07810039207195951,0,0,0,0,1,0,1,0,0,0
Jogo_461,7.165729157813564,0.01159158751131275,0,5.0,0.11026600979247891,0,0,1,0,0,0,1,0,0,0
Jogo_678,6.444158270004926,0.04299211598582152,1,16.0,0.027548083057443818,0,1,0,0,0,0,0,0,0,1
Jogo_776,5.501880097616166,0.028826153796326817,1,18.0,0.1149627064857349,0,0,0,0,1,0,0,0,0,1
Jogo_333,8.163937491183717,0.027504370244445554,0,8.0,0.1534121029629188,0,0,0,0,1,0,0,1,0,0
Jogo_112,4.397321032646609,0.04926876039237896,1,16.0,0.1526959489971831,0,0,0,0,1,1,0,0,0,0
Jogo_411,5.668837163360478,0.03361147357626923,0,4.0,0.03624161830806513,0,1,0,0,0,0,1,0,0,0
Jogo_542,5.501880097616166,0.02218719334643187,0,9.0,0.013684258514788567,0,0,0,0,1,0,0,0,0,1
Jogo_674,1.3166134531665945,0.008056984221181722,1,12.0,0.13609802632320805,0,0,1,0,0,0,1,0,0,0
Jogo_656,1.896369656031036,0.04883834654076879,1,11.0,0.08761302240699492,0,0,0,1,0,0,1,0,0,0
Jogo_338,1.0872766550223705,0.04216033587993114,0,11.0,0.04576971685715028,0,0,1,0,0,1,0,0,0,0
Jogo_582,2.7382498093044814,0.00556491180364914,0,16.0,0.11295256857491887,1,0,0,0,0,1,0,0,0,0
Jogo_928,3.316531908987977,0.02936112886511958,0,8.0,0.14567216112589082,1,0,0,0,0,0,1,0,0,0
Jogo_637,8.688699080256523,0.03757132271422685,0,16.0,0.13389573532553567,0,0,0,0,1,0,1,0,0,0
Jogo_897,8.224116258802798,0.04323940397967444,0,17.0,0.046201078294295816,1,0,0,0,0,1,0,0,0,0
Jogo_351,7.97017468697532,0.0046144891576455635,1,7.0,0.10413523449492695,0,1,0,0,0,0,0,0,1,0
Jogo_666,5.7153097211077855,0.023658641085102395,1,3.0,0.07355332120078435,1,0,0,0,0,0,0,0,0,1
Jogo_998,9.841188604362118,0.04929504581664387,1,9.0,0.11133597898881667,0,0,0,0,1,1,0,0,0,0
Jogo_397,5.287231214995694,0.02101412345675133,1,6.0,0.04050682911312749,0,0,0,0,1,0,0,0,1,0
Jogo_407,8.233906413371628,0.044055465693746784,0,8.0,0.017563530798181428,0,1,0,0,0,0,0,0,0,1
Jogo_611,4.962142648882363,0.011577829311614876,1,11.0,0.06746154788017476,0,0,1,0,0,1,0,0,0,0
Jogo_322,9.815875734452757,0.045625564459508106,0,13.0,0.0411958169052115,0,1,0,0,0,1,0,0,0,0
Jogo_555,4.237964536079403,0.007354485172785655,0,4.0,0.06620970762700172,0,1,0,0,0,0,0,0,1,0
Jogo_425,5.970249967357196,0.0348114517776744,0,3.0,0.06903771222376934,0,0,0,0,1,0,1,0,0,0
Jogo_845,3.6597119613250975,0.04001781231055947,1,16.0,0.11946807995081327,1,0,0,0,0,0,0,0,1,0
Jogo_183,2.536214195186626,0.04898638292999175,1,14.0,0.03609474336098932,1,0,0,0,0,1,0,0,0,0
Jogo_367,8.850541852574018,0.035754353814223316,1,17.0,0.15082704738313052,0,1,0,0,0,0,0,1,0,0
Jogo_451,7.48138897774485,0.037582716758619655,1,5.0,0.11919192723826735,0,0,0,0,1,0,0,1,0,0
Jogo_342,5.931816501455559,0.006723276363450734,1,8.0,0.050853331916159136,0,0,0,0,1,0,0,0,0,1
Jogo_306,5.501880097616166,0.037544020246350014,0,17.0,0.06154965467009897,0,0,1,0,0,0,1,0,0,0
Jogo_217,4.152519995123323,0.02987844720399249,0,12.0,0.040735224382865795,0,0,0,0,1,0,1,0,0,0
Jogo_435,3.308500340309896,0.035341195222851236,0,6.0,0.08304890236637764,1,0,0,0,0,0,0,0,0,1
Jogo_37,9.517219280345907,0.026224197161749164,0,13.0,0.07362448056453431,0,1,0,0,0,0,0,1,0,0
Jogo_313,1.3315342788816116,0.005978413127311829,1,9.0,0.09693768828755892,0,0,1,0,0,1,0,0,0,0
Jogo_576,2.167760377114792,0.033271623189427314,0,17.0,0.07047788226244459,0,1,0,0,0,0,1,0,0,0
Jogo_188,9.38273004304927,0.004702308704954773,1,12.0,0.036458955440094115,0,0,1,0,0,1,0,0,0,0
Jogo_468,2.204484390254179,0.022531342020529296,0,14.0,0.06170420040830989,0,1,0,0,0,0,1,0,0,0
Jogo_36,6.024368629189935,0.03033169332436115,0,10.0,0.02797044682787932,1,0,0,0,0,0,1,0,0,0
Jogo_686,6.546753115667279,0.031281809867525,0,11.0,0.05740594569166943,0,0,0,0,1,0,1,0,0,0
Jogo_588,5.122059348425864,0.006675584402080069,1,11.0,0.07259790552077164,0,1,0,0,0,0,0,0,0,1
Jogo_861,9.08631013600628,0.01454608560364272,0,11.0,0.058598334275306335,0,0,1,0,0,0,1,0,0,0
Jogo_515,9.97839757302162,0.0421146352802168,0,10.0,0.04173076859833838,0,1,0,0,0,0,0,0,0,1
Jogo_465,1.5781025593198903,0.035810728171551516,1,14.0,0.134633999219157,0,0,1,0,0,0,0,0,0,1
Jogo_233,1.3377571574105247,0.019207892113144203,1,9.0,0.07899635427877234,1,0,0,0,0,0,1,0,0,0
Jogo_509,8.137807388112616,0.011689745977937854,1,17.0,0.15431799951233854,0,0,0,0,1,0,1,0,0,0
Jogo_780,4.031743408548248,0.03428213333565429,1,9.0,0.04646301510643855,1,0,0,0,0,1,0,0,0,0
Jogo_828,1.3460991585563151,0.037981274147853565,0,7.0,0.08443309377792899,0,0,0,0,1,0,0,1,0,0
Jogo_711,5.242230554715387,0.023201335936176275,0,5.0,0.1035602259781542,0,1,0,0,0,0,0,0,1,0
Jogo_65,1.8681205918837736,0.0024580734050924356,0,11.0,0.01727905155863801,0,0,0,1,0,0,1,0,0,0
Jogo_405,7.155573087919223,0.014053077234000773,1,5.0,0.15283326923975143,0,0,0,1,0,0,0,0,0,1
Jogo_163,7.5924914209230305,0.04742655875947981,1,11.0,0.03225941404933608,1,0,0,0,0,0,1,0,0,0
Jogo_263,2.6153451917454804,0.025610843667532388,0,3.0,0.014978571249379614,0,0,1,0,0,0,0,0,0,1
Jogo_499,5.221398675990382,0.04362259441980366,1,8.0,0.00572837064618455,0,1,0,0,0,0,0,0,1,0
Jogo_684,1.4258422022285036,0.0362213678988819,0,18.0,0.12491252924963384,1,0,0,0,0,0,0,0,1,0
Jogo_235,6.927912246067185,0.0276956090685332,1,8.0,0.14050198493268778,0,0,1,0,0,0,1,0,0,0
Jogo_175,2.3659970029317563,0.011565166802788017,1,10.0,0.003572134296010849,0,0,0,0,1,0,0,0,1,0
Jogo_728,2.1163977734972823,0.008688026225332521,1,8.0,0.1446481285906148,0,0,0,1,0,0,0,0,0,1
Jogo_489,8.088317699708632,0.004420039486396094,0,11.0,0.14964045473720855,0,0,0,1,0,1,0,0,0,0
Jogo_71,5.501880097616166,0.4896904019566586,1,14.0,0.08239165967241291,0,0,0,1,0,0,0,0,1,0
Jogo_626,8.892448076627353,0.03255101641841457,1,4.0,0.06173185050068436,1,0,0,0,0,0,0,1,0,0
Jogo_89,7.487466169806007,0.018188147187913117,1,3.0,0.01860881126459261,0,0,0,0,1,1,0,0,0,0
Jogo_117,2.6084748658443933,0.02919091454941535,0,16.0,0.04395182443352079,1,0,0,0,0,0,0,1,0,0
Jogo_321,1.9559837772499808,0.0182151813121267,0,13.0,0.11522517861959772,0,0,0,1,0,0,1,0,0,0
Jogo_625,3.293302520099488,0.005668777698469047,0,16.0,0.1523940184970418,0,0,1,0,0,0,0,0,0,1
Jogo_962,1.189191848974641,0.02284109068603736,1,12.0,0.07077041822342854,0,1,0,0,0,0,0,0,0,1
Jogo_567,2.6574357145596124,0.041148156304022375,1,14.0,0.14959496184110976,0,0,0,1,0,1,0,0,0,0
Jogo_61,2.2480104808894787,0.047322821176710286,1,14.0,0.10275322396303715,0,0,1,0,0,1,0,0,0,0
Jogo_706,5.908669844260084,0.04313870075561203,0,6.0,0.07310264436070753,0,0,0,1,0,0,0,0,0,1
Jogo_186,7.375196498059136,0.007201794023554173,1,15.0,0.1156608320497928,0,0,0,0,1,0,1,0,0,0
Jogo_766,2.468967281140656,0.022960110823726863,1,10.0,0.11485544342701948,0,1,0,0,0,0,0,0,0,1
Jogo_401,6.57384403604937,0.04074910661857159,0,15.0,0.013955091951222232,0,0,0,1,0,0,0,0,0,1
Jogo_232,6.711725784394203,0.03546301744634613,1,7.0,0.1091923081449187,0,0,0,1,0,0,1,0,0,0
Jogo_494,6.133911953459484,0.04836276548699,0,11.0,0.01630101923294015,1,0,0,0,0,0,1,0,0,0
Jogo_72,2.4320890698911324,0.005678352562364713,0,12.0,0.0510826065259406,1,0,0,0,0,0,0,1,0,0
Jogo_464,4.709378780683146,0.0003749305357149806,1,11.0,0.13392612069001905,0,0,0,1,0,0,1,0,0,0
Jogo_270,7.660606518028813,0.014976292203320866,1,11.0,0.05490738816559479,0,0,0,1,0,1,0,0,0,0
Jogo_111,5.4149683838366895,0.02669395921177982,0,17.0,0.08533994135648687,0,0,0,0,1,0,0,0,0,1
Jogo_456,1.4443531210239755,0.0002918375237497032,0,17.0,0.15000539408900565,0,0,0,0,1,0,0,0,0,1
Jogo_851,1.092517699871417,0.0023366429164547006,1,7.0,0.026888977615080727,0,0,0,1,0,0,1,0,0,0
Jogo_935,9.256343639036432,0.0426663637486038,1,5.0,0.07009679306597696,0,1,0,0,0,1,0,0,0,0
Jogo_226,1.7025641804494978,0.041350957315172944,0,14.0,0.028405928205955718,0,0,0,1,0,1,0,0,0,0
Jogo_329,4.420263418377946,0.04300981163021752,0,9.0,0.0940945615466872,0,1,0,0,0,0,0,0,1,0
Jogo_596,8.643058037984861,0.03884035094072351,1,18.0,0.042535117668105846,1,0,0,0,0,0,0,0,1,0
Jogo_812,2.1996129342153887,0.03334056608931429,0,14.0,0.005761929969116248,0,0,1,0,0,0,0,1,0,0
Jogo_195,3.365665973334965,0.009775755203173895,1,12.0,0.013121254527900906,0,0,0,1,0,0,0,0,1,0
Jogo_336,5.501880097616166,0.004432314326484568,0,18.0,0.07597627834016317,0,0,0,1,0,0,0,1,0,0
Jogo_491,7.673409439241364,0.03677574492577025,1,18.0,0.0688815020533907,0,0,0,0,1,0,0,1,0,0
Jogo_770,5.501880097616166,0.027060196722201977,1,5.0,0.08217318689611329,0,0,1,0,0,0,0,1,0,0
Jogo_28,3.0255129352956875,0.02190312173215563,1,6.0,0.13950034209061526,0,0,0,1,0,0,1,0,0,0
Jogo_793,9.102579170615336,0.04538520194955785,1,11.0,0.11253563470836805,1,0,0,0,0,1,0,0,0,0
Jogo_670,9.71535832863107,0.011140561673607573,0,17.0,0.14600206786859618,0,0,1,0,0,0,0,1,0,0
Jogo_826,2.003980778152377,0.031202448245425868,1,8.0,0.016393505595892133,0,1,0,0,0,0,0,0,1,0
Jogo_137,1.1969592238274052,0.0020374494325842065,1,5.0,0.020018628806997906,0,0,1,0,0,1,0,0,0,0
Jogo_974,6.266532001788081,0.04379333130241278,1,7.0,0.0019816452821807794,0,0,0,0,1,1,0,0,0,0
Jogo_754,8.760198568009244,0.04924288010644396,1,13.0,0.035403060088405186,0,0,1,0,0,1,0,0,0,0
Jogo_519,2.0183628497895643,0.027712040345913545,1,16.0,0.09386860228145447,0,0,0,0,1,0,0,0,1,0
Jogo_393,8.474309399177034,0.02499558117625641,0,9.0,0.01273371755976151,0,0,1,0,0,0,0,0,1,0
Jogo_382,1.3724125596964996,0.04420088971647975,0,12.0,0.07955717176258256,1,0,0,0,0,0,0,1,0,0
Jogo_992,8.968048440252598,0.0004387393658211268,0,14.0,0.06244141723377032,0,1,0,0,0,0,0,0,0,1
Jogo_989,5.501880097616166,0.02459745532334006,0,7.0,0.08698020733436242,0,0,1,0,0,1,0,0,0,0
Jogo_662,5.501880097616166,0.01114472602435808,0,14.0,0.027611963712882822,0,0,0,0,1,0,0,1,0,0
Jogo_452,7.941398392772346,0.03569504481081193,1,15.0,0.03321874130673372,0,0,0,0,1,0,1,0,0,0
Jogo_136,4.192048355195398,0.01616352425953384,1,16.0,0.13989444780167926,0,0,1,0,0,0,0,0,0,1
Jogo_467,2.8279324992327086,0.007586652137529199,1,16.0,0.03619067894771302,1,0,0,0,0,1,0,0,0,0
Jogo_328,4.1104400056512205,0.030495359152089202,1,11.0,0.13321675899366123,0,0,0,0,1,0,0,0,0,1
Jogo_12,3.2303516222580013,0.038796797223438914,0,11.0,0.08456607196546899,0,0,1,0,0,0,0,0,0,1
Jogo_595,9.874969847387524,0.034858858319100655,0,10.0,0.030739481201278025,0,0,0,1,0,0,0,0,1,0
Jogo_916,9.431288924376792,0.0468367616571717,1,7.0,0.031086782757223413,0,1,0,0,0,1,0,0,0,0
Jogo_206,1.2560509229018495,0.0422828007903515,1,13.0,0.11201440348438546,0,0,0,0,1,1,0,0,0,0
Jogo_103,3.106019321901864,0.0012936101415908581,0,14.0,0.08428506952927069,0,0,0,0,1,0,0,0,0,1
Jogo_605,9.801787585110596,0.02461033892434171,0,10.0,0.05567122353678622,1,0,0,0,0,0,0,0,1,0
Jogo_309,9.264821985388895,0.01855100697877267,1,13.0,0.02851512847473185,0,0,0,0,1,0,1,0,0,0
Jogo_507,2.836107024338409,0.0222834090212715,0,13.0,0.7009472140776356,0,0,1,0,0,0,0,0,1,0
Jogo_222,1.9623337612593563,0.014671311858156122,1,11.0,0.15858002331170587,0,1,0,0,0,1,0,0,0,0
Jogo_153,4.67428617475214,0.04845318684329341,1,6.0,0.10936375541496399,1,0,0,0,0,0,0,1,0,0
Jogo_180,7.371745109563411,0.04466873199557609,0,4.0,0.020182448942226993,1,0,0,0,0,0,0,1,0,0
Jogo_649,1.4669939409533594,0.010396301682487452,0,8.0,0.06803701280581932,0,0,1,0,0,1,0,0,0,0
Jogo_182,8.310336698382653,0.04642897929807483,1,6.0,0.09735741836566048,0,0,0,0,1,0,0,0,0,1
Jogo_883,3.819878835317339,0.023261770280330767,0,10.0,0.12691135203995954,1,0,0,0,0,0,0,1,0,0
Jogo_331,3.82448974495571,0.010498406072496785,1,10.0,0.06551770116794359,0,1,0,0,0,0,0,0,1,0
Jogo_476,1.5954086854729783,0.022488089455200505,0,12.0,0.13013175199177301,0,0,0,0,1,0,0,0,0,1
Jogo_141,1.3116589933932294,0.04798167918392545,1,7.0,0.12087048172083911,0,0,1,0,0,0,0,0,0,1
Jogo_659,2.965243163094881,0.04148471735804753,1,11.0,0.028582246037998877,0,0,0,1,0,0,0,0,0,1
Jogo_777,3.466057665078682,0.042334956208873814,0,17.0,0.07022054102545867,0,0,1,0,0,0,0,1,0,0
Jogo_544,6.887348704103583,0.027295460853675832,1,18.0,0.047846219259417455,0,0,0,1,0,0,1,0,0,0
Jogo_538,8.271826203908446,0.04362596600774227,1,18.0,0.08905100590315716,0,0,0,1,0,0,0,0,1,0
Jogo_708,3.317956979995419,0.011926053964010268,0,11.0,0.08761822865132918,0,0,0,1,0,0,0,0,1,0
Jogo_316,1.256466149406695,0.024959443515733575,1,5.0,0.01275652292411274,0,1,0,0,0,0,0,1,0,0
Jogo_415,1.7716248054646773,0.03774191190972782,0,9.0,0.0442506896015919,0,0,0,0,1,0,0,1,0,0
Jogo_210,9.906763375794096,0.01741554472738043,1,9.0,0.08226659339700787,0,0,0,1,0,0,1,0,0,0
Jogo_848,4.374313167662185,0.00984360683214151,0,12.0,0.01592882129670613,0,1,0,0,0,0,0,1,0,0
Jogo_142,9.848997049692304,0.04146907604806106,1,10.0,0.05858331498684674,0,0,1,0,0,0,0,0,0,1
Jogo_2,2.716884953471705,0.022565573964068594,1,5.0,0.03904949329243898,0,0,1,0,0,0,0,0,1,0
Jogo_362,9.858430366142942,0.0008806237513239674,1,10.0,0.1562098558395684,0,0,0,0,1,0,0,0,0,1
Jogo_4,5.501880097616166,0.04418105728175793,0,5.0,0.017784704740620643,0,0,1,0,0,1,0,0,0,0
Jogo_44,7.023288939242336,0.037500060862565965,0,6.0,0.03391053556292564,0,0,0,0,1,0,0,0,1,0
Jogo_953,4.066421974007061,0.04495342369037998,0,4.0,0.12266933627301249,1,0,0,0,0,0,0,0,1,0
Jogo_281,3.578179286616728,0.007605170020299501,0,8.0,0.024986383342823697,0,1,0,0,0,0,1,0,0,0
Jogo_681,2.138692379489991,0.034093451543829124,0,14.0,0.09925878865258805,0,0,0,1,0,0,1,0,0,0
Jogo_202,6.53043098194738,0.03346190027138553,1,18.0,0.07181048238152143,0,0,0,1,0,1,0,0,0,0
Jogo_302,5.862904001303941,0.021943329116075484,1,10.0,0.04006768840108017,0,0,0,1,0,0,0,1,0,0
Jogo_987,3.365591613311952,0.0008792635735180644,0,13.0,0.004174567029441866,0,1,0,0,0,0,0,1,0,0
Jogo_365,5.501880097616166,0.010277276546903294,1,11.0,0.09313885119437001,1,0,0,0,0,0,0,1,0,0
Jogo_358,5.752725724932208,0.03648123446492032,0,15.0,0.06083517617723104,0,0,1,0,0,0,0,0,0,1
Jogo_635,6.572753561182959,0.019174372468278734,1,7.0,0.04627516220018198,0,0,0,0,1,0,0,1,0,0
Jogo_520,5.163598348464001,0.033275446719246725,0,5.0,0.09676374814486215,0,1,0,0,0,1,0,0,0,0
Jogo_371,4.383583230755484,0.00844183304307511,0,11.0,0.15656202111542156,0,0,0,1,0,0,1,0,0,0
Jogo_707,9.491169016237023,0.04073818239936155,0,9.0,0.13110148358183618,0,0,0,0,1,0,0,1,0,0
Jogo_627,2.3237238086284067,0.04828614391371142,1,4.0,0.1001354502445359,1,0,0,0,0,0,0,0,0,1
Jogo_378,5.878299529163284,0.031838316674232814,0,13.0,0.10992950452472752,0,0,0,0,1,0,0,1,0,0
Jogo_231,8.952054352096116,0.04768679896654146,0,13.0,0.04570098877194924,0,0,0,1,0,0,1,0,0,0
Jogo_237,2.3921980220891905,0.02114274210293242,1,14.0,0.0429894903394244,0,1,0,0,0,1,0,0,0,0
Jogo_945,5.831422939592385,0.0039120849048182435,1,4.0,0.10078873461618895,1,0,0,0,0,0,0,0,0,1
Jogo_171,9.447194896942316,0.006968519434109823,0,11.0,0.14673178158873804,0,0,1,0,0,0,1,0,0,0
Jogo_273,5.501880097616166,0.035979076635161054,0,18.0,0.036604419287906545,0,0,0,1,0,0,0,0,1,0
Jogo_683,6.135656159812631,0.01917736408683557,0,11.0,0.10064496326594283,1,0,0,0,0,0,1,0,0,0
Jogo_556,8.044865968765631,0.0026805978610851587,1,14.0,0.06246034070174651,0,0,0,0,1,1,0,0,0,0
Jogo_920,4.993631012159862,0.017005932590485783,0,12.0,0.01483512614210886,0,0,1,0,0,0,0,1,0,0
Jogo_194,5.501880097616166,0.029504017662738503,0,10.0,0.13423043859388087,0,0,1,0,0,0,0,0,0,1
Jogo_720,9.866201154440706,0.027665005864737892,1,18.0,0.1435074129377431,0,0,0,1,0,0,0,1,0,0
Jogo_102,5.705938447800394,0.047158359717528436,0,11.0,0.0915098472142767,0,1,0,0,0,0,0,1,0,0
Jogo_774,5.270365642815236,0.025141420150667206,1,10.0,0.012822864802727329,0,1,0,0,0,0,0,0,0,1
Jogo_514,5.825508348120024,0.02097611352804781,1,13.0,0.06559439021926959,0,0,0,1,0,0,0,0,0,1
Jogo_516,5.501880097616166,0.03330442422397894,1,3.0,0.111488026088221,0,1,0,0,0,0,1,0,0,0
Jogo_209,8.921565553889863,0.03533194495733008,1,10.0,0.11397505017694926,0,0,1,0,0,0,0,0,1,0
Jogo_162,4.852170459622832,0.03736510864682985,1,5.0,0.09645898138499732,0,0,0,0,1,0,1,0,0,0
Jogo_669,1.8669273260142112,0.030567074902729856,1,18.0,0.02288837176004316,0,1,0,0,0,0,0,1,0,0
Jogo_572,2.9263233157735344,0.04050169879578018,0,10.0,0.0859202361776198,0,1,0,0,0,1,0,0,0,0
Jogo_87,5.393964396194395,0.04506949595831391,1,6.0,0.030169722388327335,0,0,0,0,1,1,0,0,0,0
Jogo_742,9.389934072232428,0.03226392649012546,1,7.0,0.0243809885954179,0,0,1,0,0,0,0,0,0,1
Jogo_607,7.355965739771733,0.042655715505405103,1,3.0,0.11416590267345439,0,0,1,0,0,0,1,0,0,0
Jogo_190,4.772475933788291,0.004646672435921812,0,4.0,0.10884036649014972,0,0,1,0,0,1,0,0,0,0
Jogo_178,1.8178404636512724,0.0033714335694811893,1,17.0,0.08407752777083084,0,1,0,0,0,1,0,0,0,0
Jogo_392,5.501880097616166,0.02306913211902554,1,8.0,0.044629287146750934,1,0,0,0,0,0,0,1,0,0
Jogo_995,6.373151207024635,0.004715919196209575,0,11.0,0.10390149939696336,0,0,0,1,0,0,0,1,0,0
Jogo_562,9.03229901002064,0.020945531592891514,0,13.0,0.07651655101497515,0,0,0,1,0,0,0,1,0,0
Jogo_913,9.63283060695509,0.0,1,15.0,0.010066459838808915,0,0,1,0,0,0,0,0,0,1
Jogo_891,7.111217609537567,0.004185733675236994,1,9.0,0.15282445982683907,1,0,0,0,0,0,0,0,0,1
Jogo_511,5.501880097616166,0.03555520247005063,0,3.0,0.011742388437127004,1,0,0,0,0,0,0,0,1,0
Jogo_614,7.402370575241938,0.03752150740131423,0,11.0,0.08324329051462181,0,0,1,0,0,0,0,0,1,0
Jogo_439,3.187684968073445,0.04502690981564581,1,11.0,0.030797691093461307,0,0,0,1,0,0,0,1,0,0
Jogo_471,5.501880097616166,0.040875359110589565,1,12.0,0.06001816537055196,1,0,0,0,0,0,0,0,1,0
Jogo_398,1.7409447416310038,0.021841834290304247,0,13.0,0.12470735742870812,0,1,0,0,0,0,1,0,0,0
Jogo_585,2.28261069118484,0.04365826374630889,1,15.0,0.014093717505306542,0,0,1,0,0,0,0,0,0,1
Jogo_859,5.501880097616166,0.010715366668227236,1,14.0,0.1535385341775531,0,1,0,0,0,0,0,1,0,0
Jogo_700,2.141453977108178,0.0064629893848999614,0,17.0,0.06742780851259035,1,0,0,0,0,1,0,0,0,0
Jogo_797,6.252194785237294,0.022358691852080666,0,10.0,0.011510890829764326,0,0,1,0,0,0,0,1,0,0
Jogo_43,7.840419148132318,0.01864619533451631,1,15.0,0.08927008049179981,1,0,0,0,0,0,0,0,0,1
Jogo_261,7.235891964473069,0.014155769261915366,1,9.0,0.09552678503834444,0,0,1,0,0,0,0,0,0,1
Jogo_732,1.4952963769045349,0.04374788787281427,0,17.0,0.11114831251361598,0,0,0,0,1,0,0,0,0,1
Jogo_429,4.058172229980427,0.014766439616703491,0,11.0,0.06578802113661703,0,0,0,1,0,0,0,0,1,0
Jogo_228,2.757950384114579,0.026973580961240026,1,9.0,0.05739178671518726,0,0,0,1,0,1,0,0,0,0
Jogo_5,2.0211864932303705,0.03269778541168122,1,5.0,0.04554761998719445,0,0,0,1,0,0,0,0,0,1
Jogo_980,3.536754569935746,0.016445777706804464,1,11.0,0.07007210815293877,0,0,0,1,0,0,0,0,0,1
Jogo_810,8.060449509903506,0.01550973812213312,0,14.0,0.06394083555901546,0,0,0,0,1,1,0,0,0,0
Jogo_318,7.625825861054331,0.036507283002751495,1,11.0,0.08022881411836749,0,0,0,1,0,0,0,0,1,0
Jogo_871,2.877558255558528,0.004606442799946581,0,17.0,0.13129102670687234,0,0,0,0,1,1,0,0,0,0
Jogo_312,4.0743519799042,0.02548263103411691,1,17.0,0.11442804840343906,0,0,0,0,1,0,1,0,0,0
Jogo_75,6.588493002999789,0.013726680078941277,1,6.0,0.042286186047296004,0,0,0,1,0,1,0,0,0,0
Jogo_173,4.398508945166954,0.027009495008521244,1,15.0,0.12470904117826825,1,0,0,0,0,0,1,0,0,0
Jogo_832,8.769809294230065,0.03567879179362108,1,17.0,0.06055929128731834,0,0,0,0,1,0,0,1,0,0
Jogo_51,1.7302651404834188,0.03171172972754528,1,4.0,0.04997006196476904,0,0,0,1,0,0,0,0,0,1
Jogo_551,2.500735259298428,0.012512780874585513,1,10.0,0.078515889491747,0,0,0,0,1,0,0,0,1,0
Jogo_787,3.135626788851616,0.044424912556348596,1,18.0,0.0768489646465899,0,1,0,0,0,0,1,0,0,0
Jogo_910,5.686051591663189,0.04107759709093163,1,8.0,0.12528714352587889,0,1,0,0,0,0,1,0,0,0
Jogo_220,2.561129795344032,0.0309079011296417,1,9.0,0.13383552127938178,0,0,0,0,1,0,0,0,1,0
Jogo_508,2.67860281899358,0.009846619833297376,0,8.0,0.14863105181568456,0,1,0,0,0,0,1,0,0,0
Jogo_578,9.903926884397332,0.015210070576262206,0,9.0,0.12701334566667916,1,0,0,0,0,0,0,0,1,0
Jogo_387,5.266596297390394,0.0255884448900195,0,6.0,0.057049187778834234,0,0,0,0,1,0,0,0,1,0
Jogo_93,1.1961759405079455,0.030581295230960016,1,10.0,0.15667180470266773,0,0,1,0,0,0,0,0,1,0
Jogo_148,7.034943138558347,0.046655622970414694,0,15.0,0.15008730109813073,0,1,0,0,0,1,0,0,0,0
Jogo_482,5.55273946128597,0.012170233330963415,0,18.0,0.05313264675362375,0,0,0,1,0,1,0,0,0,0
Jogo_947,3.8127908748476864,0.049329766099862324,1,18.0,0.018732475643903606,0,0,1,0,0,0,0,1,0,0
Jogo_249,6.317156408870411,0.007691722673399544,0,6.0,0.11311552645123851,0,0,0,0,1,0,0,0,0,1
Jogo_340,1.04783768427229,0.008936661434768739,0,10.0,0.0006467048307181623,0,0,1,0,0,1,0,0,0,0
Jogo_890,1.21241065880547,0.020371113602681706,0,10.0,0.1544427357293114,0,0,1,0,0,0,0,0,1,0
Jogo_200,8.92334177553351,0.046159996448548166,0,4.0,0.09388692325038107,1,0,0,0,0,0,0,0,1,0
Jogo_91,8.458870835563518,0.003382623758127338,0,12.0,0.07003331364431613,1,0,0,0,0,0,0,0,0,1
Jogo_540,4.3396011141476105,0.023227848563427522,0,6.0,0.03385569496175124,0,1,0,0,0,1,0,0,0,0
Jogo_442,8.212970788925247,0.019405786551721028,1,6.0,0.11755294840172192,0,0,0,1,0,0,1,0,0,0
Jogo_976,1.130084039375843,0.011419323291426236,0,14.0,0.07218480081553073,0,0,0,0,1,0,0,1,0,0
Jogo_280,2.358143300014891,0.009931049532144774,0,16.0,0.03620661768041432,0,0,0,0,1,1,0,0,0,0
Jogo_410,9.301912075520036,0.04824928890633351,1,16.0,0.10237853224710841,0,1,0,0,0,1,0,0,0,0
Jogo_905,5.384725735085789,0.018290649540164055,0,14.0,0.06396379333073055,0,0,0,1,0,0,0,0,1,0
Jogo_568,9.10925666946075,0.007990714934135567,0,9.0,0.12264444754951881,0,1,0,0,0,0,1,0,0,0
Jogo_608,2.06071556542568,0.04404197765693802,1,17.0,0.08343228623010628,0,0,0,1,0,0,0,1,0,0
Jogo_917,3.6148370606739535,0.03773909363797263,1,16.0,0.15584751571725275,1,0,0,0,0,0,0,1,0,0
Jogo_335,4.343767911866323,0.042006455041376047,0,5.0,0.014750973951042901,0,0,0,1,0,1,0,0,0,0
Jogo_896,4.600558798348603,0.03133813586020567,0,18.0,0.11375395068399169,0,0,0,0,1,0,0,0,0,1
Jogo_680,7.676091085253661,0.044919350276296205,0,10.0,0.054714567489706864,0,0,1,0,0,0,0,0,0,1
Jogo_914,6.285798007451201,0.03986862235182816,0,10.0,0.06895024307742763,0,0,0,0,1,1,0,0,0,0
Jogo_506,5.290232392990919,0.008549699903175717,0,8.0,0.011432945163365415,0,0,0,1,0,0,0,1,0,0
Jogo_961,7.951186666739538,0.047268849803865136,1,15.0,0.0611276611305656,0,0,1,0,0,0,0,1,0,0
Jogo_751,5.501880097616166,0.04874482796390799,1,7.0,0.14055942542521982,0,0,0,0,1,1,0,0,0,0
Jogo_92,8.586229852064001,0.021941814392780964,0,15.0,0.013156978933136384,1,0,0,0,0,0,0,0,0,1
Jogo_734,8.670780481407139,0.8749241181266321,1,11.0,0.08364600696991434,0,1,0,0,0,0,0,0,0,1
Jogo_730,5.501880097616166,0.004478966888106256,0,16.0,0.01748904351741055,0,0,1,0,0,0,0,1,0,0
Jogo_853,5.352396287668255,0.048922453492421636,0,11.0,0.1344400817648992,1,0,0,0,0,0,1,0,0,0
Jogo_902,1.3505583461997637,0.014737367551007838,1,16.0,0.05580415187850479,0,0,0,1,0,0,0,1,0,0
Jogo_575,5.701760483710682,0.008226444777515747,0,4.0,0.040086873091161754,0,0,0,0,1,0,1,0,0,0
Jogo_573,6.993645086902196,0.017803251983467532,1,7.0,0.020109126189672883,0,0,0,0,1,0,0,0,0,1
Jogo_278,1.3246637862492927,0.03528393989122587,1,12.0,0.027646406338310853,0,0,0,0,1,1,0,0,0,0
Jogo_279,8.626427626304679,0.02679876678915862,0,7.0,0.07599433788229656,1,0,0,0,0,0,0,0,0,1
Jogo_337,1.2692460449505782,0.04639673405539803,1,8.0,0.010020677592634152,0,0,1,0,0,0,1,0,0,0
Jogo_227,5.224255863593013,0.005607937367897542,1,4.0,0.08788028104528116,0,0,1,0,0,0,0,0,1,0
Jogo_8,6.540896358052767,0.012434890460808036,1,4.0,0.09700520446055177,0,0,0,1,0,0,0,0,0,1
Jogo_85,9.719295537876478,0.014799936064949993,0,16.0,0.03126551138969792,0,0,1,0,0,0,0,0,1,0
Jogo_860,7.810105228567646,0.041797554557956244,1,11.0,0.1192864273430799,0,0,0,0,1,0,0,0,1,0
Jogo_609,4.504942971241351,0.023410483474306354,0,14.0,0.04475879059113712,0,0,0,1,0,0,0,0,1,0
Jogo_723,2.676520414510609,0.02455388682036968,1,3.0,0.13209367126911134,0,0,0,0,1,1,0,0,0,0
Jogo_831,6.236754825179689,0.04590930032023918,1,9.0,0.037746678734578556,0,1,0,0,0,1,0,0,0,0
Jogo_96,6.516042669936322,0.032628620314328574,0,18.0,0.04294513140786008,0,0,0,1,0,1,0,0,0,0
Jogo_341,2.1883892989329623,0.04198879433387655,1,7.0,0.03064837138032112,0,0,1,0,0,0,1,0,0,0
Jogo_121,5.695005903921151,0.041301040416258455,1,10.0,0.11472244137320928,0,0,1,0,0,0,1,0,0,0
Jogo_156,5.501880097616166,0.004581946559892833,0,3.0,0.10286757457789389,0,0,1,0,0,0,1,0,0,0
Jogo_743,6.13656081862966,0.04308764845783639,0,17.0,0.04978737910291478,1,0,0,0,0,0,0,0,0,1
Jogo_638,2.5467974188829863,0.022518255131198303,1,8.0,0.12505192994571154,1,0,0,0,0,0,1,0,0,0
Jogo_673,7.047410600818465,0.019212111545547906,1,7.0,0.1303798637761311,1,0,0,0,0,1,0,0,0,0
Jogo_470,9.289694235293409,0.013855644686026826,1,11.0,0.08560127326781021,0,0,1,0,0,0,1,0,0,0
Jogo_557,2.7301437179591863,0.023160909225684298,0,11.0,0.11718875374274487,1,0,0,0,0,0,0,0,1,0
Jogo_293,9.232119680030724,0.029034971635865787,1,14.0,1.0000000000000002,1,0,0,0,0,1,0,0,0,0
Jogo_813,7.534609674313967,0.03492302659484223,0,17.0,0.03170575094006514,0,0,0,1,0,0,1,0,0,0
Jogo_737,1.902429923241618,0.03002535795616088,1,14.0,0.10203753925863973,0,0,1,0,0,0,0,0,0,1
Jogo_164,7.021900812820427,0.01097764458462343,0,3.0,0.1556714163905362,0,1,0,0,0,0,0,1,0,0
Jogo_836,9.799127518494382,0.02787573565968206,1,12.0,0.040950803977052475,1,0,0,0,0,0,0,1,0,0
Jogo_282,9.599418111478617,0.019966732357450577,0,15.0,0.09196880626165088,0,0,0,0,1,0,1,0,0,0
Jogo_364,1.2048510844256184,0.007705690069435264,0,7.0,0.1292388317487528,0,0,0,0,1,0,0,1,0,0
Jogo_310,6.979424911334911,0.03034385069398793,1,13.0,0.08564683744048815,0,0,1,0,0,0,1,0,0,0
Jogo_510,5.501880097616166,0.0351685967128962,1,14.0,0.046205130446804354,0,1,0,0,0,0,1,0,0,0
Jogo_179,2.895289997943138,0.023526255396418713,1,5.0,0.019695849317347944,0,1,0,0,0,0,1,0,0,0
Jogo_69,9.49452216512234,0.01999656447928048,1,11.0,0.13710932373992532,0,1,0,0,0,0,1,0,0,0
Jogo_925,1.2598187032623125,0.017277664759435582,1,4.0,0.12913510305520026,0,0,1,0,0,1,0,0,0,0
Jogo_886,7.3000002842658835,0.044392563315523104,0,17.0,0.055894158235392455,0,0,1,0,0,1,0,0,0,0
Jogo_679,8.787961760245217,0.024856478498144697,1,10.0,0.14933779745157116,1,0,0,0,0,0,0,1,0,0
Jogo_940,5.501880097616166,0.03577345157364877,1,17.0,0.021753361001296743,0,0,0,0,1,0,1,0,0,0
Jogo_58,6.614431359990611,0.02310936952031196,1,18.0,0.027450069684518196,0,0,0,1,0,0,0,0,1,0
Jogo_875,1.3849800681089195,0.026023017515017222,1,7.0,0.015372033626290142,0,1,0,0,0,0,0,0,1,0
Jogo_990,1.1561244480156954,0.039908747905009125,1,10.0,0.016055293925904008,1,0,0,0,0,0,0,0,1,0
Jogo_834,2.8263336716019736,0.010325551932416658,0,6.0,0.11660436906963226,0,0,0,1,0,0,0,1,0,0
Jogo_265,6.525861383883161,0.017339623118634802,1,12.0,0.06165005681181035,0,0,0,0,1,0,1,0,0,0
Jogo_844,2.413721987962544,0.037871944266690175,1,9.0,0.03111008772726687,0,0,1,0,0,0,0,1,0,0
Jogo_791,3.0023157562765475,0.04818403931392458,0,9.0,0.1528962166110451,0,1,0,0,0,0,0,0,0,1
Jogo_380,1.5660315097460944,0.042378230848808714,0,10.0,0.1354264775531588,0,0,0,0,1,0,0,0,0,1
Jogo_604,6.205561319180639,0.032097892935493165,1,18.0,0.08465429011401591,0,0,1,0,0,0,0,1,0,0
Jogo_676,1.2988319047045622,0.023892662174334726,1,11.0,0.09226144354511814,0,1,0,0,0,0,0,0,1,0
Jogo_757,9.615898705144495,0.01603013974779148,0,11.0,0.060738690321831795,1,0,0,0,0,0,0,0,1,0
Jogo_721,9.482144362327436,0.016708129950503674,1,11.0,0.12234096967458816,1,0,0,0,0,0,0,0,1,0
Jogo_147,7.692054015190978,0.0411951054415693,1,8.0,0.10565654617567583,0,0,1,0,0,0,0,0,1,0
Jogo_251,3.975455312781384,0.04127708746131925,0,10.0,0.12023608963037566,0,0,0,0,1,0,1,0,0,0
Jogo_639,5.501880097616166,0.03599071006200215,0,16.0,0.03020827149651052,0,0,0,1,0,0,0,0,0,1
Jogo_888,3.902154093337288,0.030330809601840498,1,4.0,0.08412272540563379,0,0,0,1,0,0,1,0,0,0
Jogo_212,8.415222124305922,0.021750123008301772,0,10.0,0.08904501830172065,0,0,0,1,0,0,0,0,1,0
Jogo_440,4.6659533435420055,0.04314260668398531,0,9.0,0.11877979655158694,1,0,0,0,0,0,0,0,1,0
Jogo_869,6.873418674612052,0.04619759964980962,1,17.0,0.13468450738513763,0,0,0,0,1,1,0,0,0,0
Jogo_330,9.027910107879531,0.032974001941704106,1,13.0,0.06972465212971257,0,0,0,0,1,1,0,0,0,0
Jogo_956,1.989459768157917,0.021515369722084968,1,18.0,0.10347389345707844,0,0,0,1,0,0,1,0,0,0
Jogo_276,7.294328533430875,0.0008025950102846213,1,16.0,0.08443561826545658,1,0,0,0,0,0,0,0,0,1
Jogo_792,6.143626694425082,0.020158518173478294,0,14.0,0.100092359220673,1,0,0,0,0,0,1,0,0,0
Jogo_895,1.8728095395161524,0.0268416801809835,1,17.0,0.10906248431750995,0,1,0,0,0,0,0,1,0,0
Jogo_660,3.733878545757352,0.036723826239582175,1,4.0,0.13117013351415013,1,0,0,0,0,1,0,0,0,0
Jogo_685,8.376330493152059,0.002265465524691638,1,15.0,0.15241510076221024,0,0,0,0,1,1,0,0,0,0
Jogo_448,4.435058646134528,0.015716629163115958,1,18.0,0.11650708526832526,0,0,0,1,0,0,1,0,0,0
Jogo_999,6.909613414363975,0.02796875138824858,0,16.0,0.11801951977171266,0,0,0,0,1,0,0,0,0,1
Jogo_697,4.994501691669214,0.01911236220748915,0,3.0,0.05557244308361291,1,0,0,0,0,0,0,0,0,1
Jogo_524,6.603287805595167,0.024079933814461857,1,14.0,0.14073015982428286,0,0,0,1,0,1,0,0,0,0
Jogo_303,5.501880097616166,0.03077108554665267,0,8.0,0.0013574337846117106,1,0,0,0,0,0,0,0,1,0
Jogo_487,4.862219471930488,0.013461000593510648,1,8.0,0.14988513602434922,0,0,0,0,1,0,0,0,0,1
Jogo_729,6.976810269461739,0.03795937728365526,1,17.0,0.07821712048490781,1,0,0,0,0,0,0,1,0,0
Jogo_876,9.275964836004174,0.020334677479404577,0,17.0,0.025520968450598997,0,1,0,0,0,0,1,0,0,0
Jogo_19,2.246579733890881,0.04469346481320931,1,14.0,0.06789518327221561,0,0,1,0,0,1,0,0,0,0
Jogo_324,4.8569895968155095,0.030271424201430745,1,6.0,0.13243233581531774,0,0,1,0,0,0,0,0,0,1
Jogo_260,5.464091097566055,0.04493790094425516,0,10.0,0.09936968456012948,1,0,0,0,0,0,1,0,0,0
Jogo_838,9.769861723190822,0.04719252835803906,1,13.0,0.007493135167383019,1,0,0,0,0,0,0,1,0,0
Jogo_409,2.358648668910116,0.013471281969696023,0,8.0,0.08244899986176821,0,0,0,0,1,0,0,0,0,1
Jogo_400,9.916026462044258,0.02494335827885262,0,8.0,0.1356229980172466,0,0,1,0,0,0,0,0,0,1
Jogo_994,3.233621226787807,0.008825547816100277,1,16.0,0.03545703136172691,0,0,1,0,0,0,1,0,0,0
Jogo_54,8.32686784944365,0.023935016240523053,1,16.0,0.02211343553120124,0,0,1,0,0,1,0,0,0,0
Jogo_879,2.932351706228117,0.019190908562987958,0,11.0,0.020639306581094915,0,1,0,0,0,0,1,0,0,0
Jogo_150,3.804939855054455,0.038100286943322285,0,7.0,0.06391085414286019,0,0,0,0,1,0,0,0,0,1
Jogo_873,1.700464440586858,0.03752891711555055,0,15.0,0.1264868441046472,0,0,0,0,1,0,0,0,0,1
Jogo_709,9.001647995728408,0.026665405478098734,0,7.0,0.07499214651232963,0,0,0,1,0,0,0,1,0,0
Jogo_696,7.631443706337157,0.003419309613101979,1,14.0,0.11114087835435554,0,0,0,1,0,0,0,1,0,0
Jogo_106,1.7026201725160282,0.03715921069752453,0,3.0,0.12307387437301778,0,0,0,0,1,0,1,0,0,0
Jogo_716,5.501880097616166,0.025176963808071974,1,7.0,0.07811987547111147,0,1,0,0,0,0,0,0,0,1
Jogo_24,2.147701145659068,0.024531151215012894,0,5.0,0.08083652450007914,0,0,0,1,0,0,0,0,1,0
Jogo_906,6.534569908796077,0.017111376760297562,1,18.0,0.048154229744104216,0,0,1,0,0,0,0,1,0,0
Jogo_533,7.236375989544648,0.009075047225798053,1,13.0,0.0851415313246653,1,0,0,0,0,0,0,0,1,0
Jogo_808,5.501880097616166,0.004449388499609793,1,18.0,0.036335857365636506,0,0,0,0,1,0,0,0,1,0
Jogo_82,7.375241339495747,0.03038214960022445,0,8.0,0.056152277439281584,0,1,0,0,0,0,0,0,0,1
Jogo_833,2.39541649194682,0.016691452006929435,1,8.0,0.035367770999594025,1,0,0,0,0,0,0,1,0,0
Jogo_852,6.961476847852101,0.0011761953038002967,0,5.0,0.11626036244821897,0,0,0,0,1,0,1,0,0,0
Jogo_613,5.470118507506143,0.04641465942782772,1,14.0,0.08655814657693627,1,0,0,0,0,0,1,0,0,0
Jogo_379,3.326460982250834,0.03820111997636558,1,11.0,0.10453704334020114,0,0,1,0,0,0,0,1,0,0
Jogo_76,3.5629806344120247,0.005883384867854489,0,13.0,0.15271090615027916,0,0,0,0,1,1,0,0,0,0
Jogo_388,5.439471571562855,0.031195324322061034,1,3.0,0.14790822104790383,0,0,1,0,0,0,0,0,1,0
Jogo_406,3.631640746363815,0.042287357199732103,1,4.0,0.12761287893535742,1,0,0,0,0,0,0,0,0,1
Jogo_291,2.3769278223151176,0.036382631227252916,1,3.0,0.07236025333482929,0,0,1,0,0,0,1,0,0,0
Jogo_110,4.844750886941556,0.01874741313018899,0,18.0,0.1145504315086355,0,0,1,0,0,1,0,0,0,0
Jogo_624,1.5498645231502697,0.020524606858707255,1,12.0,0.12741525609862867,1,0,0,0,0,0,0,0,1,0
Jogo_784,1.163043280462073,0.004213056664058038,0,17.0,0.06864146230446286,0,0,1,0,0,0,0,1,0,0
Jogo_952,2.6539655428183404,0.04288435106716061,1,3.0,0.1444229281441246,1,0,0,0,0,0,0,1,0,0
Jogo_246,1.2144787550750662,0.013613412170096819,0,4.0,0.06564605592898194,0,0,0,0,1,0,0,0,0,1
Jogo_145,9.71677227374369,0.018369655121966155,1,18.0,0.07197177513593127,0,0,0,0,1,0,0,1,0,0
Jogo_128,5.308863189527324,0.010699753856277706,1,4.0,0.13835394840868298,1,0,0,0,0,0,0,0,1,0
Jogo_842,8.140913085726604,0.01527495225510773,1,14.0,0.041258679469380236,0,0,0,1,0,0,0,0,0,1
Jogo_622,3.4026427846332696,0.037281526356273555,0,4.0,0.13784386901479892,0,0,0,1,0,0,0,0,1,0
Jogo_966,4.035955169025015,0.01206138344373177,0,13.0,0.15307227487101882,0,0,0,0,1,0,0,0,1,0
Jogo_936,6.5191485549243575,0.022993621073875738,0,18.0,0.13017292669521027,0,0,0,0,1,0,0,0,1,0
Jogo_486,1.9988117600488065,0.010038221274765868,0,11.0,0.154554199785037,1,0,0,0,0,1,0,0,0,0
Jogo_899,8.126231188029621,0.004879779450465584,1,16.0,0.06226591652376505,0,0,1,0,0,0,0,1,0,0
Jogo_90,5.898580544736947,0.014153070881583065,0,17.0,0.11343886912307036,1,0,0,0,0,0,0,0,0,1
Jogo_205,5.501880097616166,0.02188338141599508,1,9.0,0.14550107437451518,0,0,0,0,1,0,0,0,1,0
Jogo_970,1.149078166900759,0.001596217376514626,1,11.0,0.9056114644432538,0,0,0,0,1,1,0,0,0,0
Jogo_170,5.4453279974711615,0.006199070748140982,1,12.0,0.10924982645711093,0,0,1,0,0,0,0,1,0,0
Jogo_909,3.206487893900129,0.020862459788351467,1,11.0,0.10016467171809418,1,0,0,0,0,0,1,0,0,0
Jogo_56,9.437115611265286,0.047043502017940046,1,15.0,0.05389963423600552,0,0,0,0,1,0,0,0,1,0
Jogo_404,6.263556845680192,0.017166819286039168,1,16.0,0.13966819975988526,0,0,1,0,0,0,0,0,0,1
Jogo_241,6.390152040632421,0.015681331650801825,0,8.0,0.006265706922909304,0,1,0,0,0,0,0,0,0,1
Jogo_599,5.501880097616166,0.009647278558633928,0,9.0,0.12346824617534236,0,0,1,0,0,0,0,0,0,1
Jogo_346,1.4260561647801997,0.04549002971954234,0,13.0,0.14878000941545708,0,0,0,0,1,0,0,0,0,1
Jogo_97,5.772447841906398,0.047281279334475804,1,8.0,0.1320492559660659,0,0,0,0,1,1,0,0,0,0
Jogo_116,7.57073506021733,0.004567620413681433,1,3.0,0.05812554330528408,0,0,1,0,0,0,1,0,0,0
Jogo_201,9.875706090525613,0.01825865551217748,1,11.0,0.01430653779886697,0,0,0,0,1,0,0,1,0,0
Jogo_878,8.732748949625488,0.005253917336836662,1,10.0,0.10322006645073589,0,1,0,0,0,0,0,0,1,0
Jogo_479,1.0089321873674288,0.009439405799784318,1,13.0,0.1012942469736384,0,0,1,0,0,0,0,0,1,0
Jogo_323,3.645886589080288,0.041497738329673926,1,16.0,0.0472816802247199,0,0,0,1,0,0,0,0,1,0
Jogo_193,7.539314302874541,0.025460564822938053,0,3.0,0.14068614322969236,0,0,1,0,0,0,1,0,0,0
Jogo_443,2.864141609494024,0.007877544645911706,0,17.0,0.05597154443027898,0,0,1,0,0,0,0,0,0,1
Jogo_806,9.962549524007596,0.010280342777580583,0,14.0,0.030868572978166173,0,0,0,0,1,0,1,0,0,0
Jogo_454,6.772082145570411,0.021153326343104795,0,11.0,0.079168294538156,0,0,1,0,0,0,0,1,0,0
Jogo_528,9.407758049049816,0.013548767266580957,0,8.0,0.09155894215779822,0,0,0,0,1,0,1,0,0,0
Jogo_796,1.525311156276206,0.00031029798047321614,1,3.0,0.028918608674690902,0,0,0,1,0,0,1,0,0,0
Jogo_550,9.071998239935182,0.043562714000672284,1,12.0,0.03855024201232324,0,0,0,0,1,0,0,1,0,0
Jogo_809,1.1051343613074116,0.004484538236450023,1,9.0,0.015829475007631367,0,1,0,0,0,0,0,0,1,0
Jogo_740,5.501880097616166,0.009184427702264034,0,10.0,0.001075564377193708,0,0,0,0,1,0,0,0,1,0
Jogo_984,5.501880097616166,0.029790424625373676,0,6.0,0.12073209692569342,1,0,0,0,0,0,0,1,0,0
Jogo_296,8.545465998110014,0.00035427796952372916,0,18.0,0.0789085173700773,0,0,0,0,1,1,0,0,0,0
Jogo_884,6.20817154528677,0.0025933907748044234,0,12.0,0.05434297222037926,0,0,0,0,1,0,1,0,0,0
Jogo_601,5.501880097616166,0.007674678491221398,1,3.0,0.058191293354208265,0,0,1,0,0,0,0,0,0,1
Jogo_815,1.6175849655249674,0.036146814840031155,1,15.0,0.07126600623381149,0,0,0,1,0,0,1,0,0,0
Jogo_395,5.501880097616166,0.016294353869676995,0,18.0,0.10729414044792421,0,0,0,0,1,0,1,0,0,0
Jogo_426,6.253510419696819,0.02741438945087054,1,7.0,0.12194409528746361,0,0,0,1,0,1,0,0,0,0
Jogo_811,1.1695487827165607,0.02645105068006203,1,5.0,0.07596357036256068,0,0,0,1,0,1,0,0,0,0
Jogo_559,9.974136011108484,0.0012685506307951295,1,14.0,0.05454382544528699,0,0,0,1,0,0,1,0,0,0
Jogo_525,5.379153755849762,0.03325488043966173,0,17.0,0.04792233328730805,0,0,0,0,1,1,0,0,0,0
Jogo_960,7.161498507613233,0.0327766592434566,1,7.0,0.04452218436139141,0,0,1,0,0,0,0,1,0,0
Jogo_14,8.223042264951784,0.03743591254981337,1,9.0,0.023843457034975635,0,1,0,0,0,1,0,0,0,0
Jogo_252,2.946115379235588,0.0161338219587076,1,12.0,0.0563905408111746,0,0,0,1,0,0,0,0,1,0
Jogo_238,3.1517264180393467,0.020859310254400094,0,6.0,0.1521988196029241,0,0,0,0,1,0,0,0,0,1
Jogo_120,7.808081453807868,0.032349808043473816,0,5.0,0.03822261229742742,0,1,0,0,0,1,0,0,0,0
Jogo_285,9.785920770846316,0.002665118149065553,1,11.0,0.08134490035134861,0,0,0,0,1,0,1,0,0,0
Jogo_554,1.9423004193591649,0.03320846465847522,0,14.0,0.04075881252170116,0,0,0,0,1,0,0,0,0,1
Jogo_196,6.798736059141076,0.024004093837256213,0,18.0,0.04888675306110346,0,0,1,0,0,0,0,0,1,0
Jogo_345,5.501880097616166,0.026216073938028953,0,7.0,0.07149989026482025,0,0,0,1,0,0,0,1,0,0
Jogo_545,4.53717072527675,0.04708592999206459,0,18.0,0.09898491865195003,1,0,0,0,0,0,0,0,1,0
Jogo_250,8.404341629572539,0.0408512124398996,0,4.0,0.019574585199645462,0,0,1,0,0,0,0,0,0,1
Jogo_924,6.692094111533339,0.0329277862896264,1,11.0,0.09049322525732549,0,0,0,1,0,1,0,0,0,0
Jogo_645,5.2213825510368,0.010823067126080362,0,4.0,0.02237530211756762,0,0,1,0,0,0,0,0,0,1
Jogo_820,1.5234638276812889,0.02988614285035581,1,5.0,0.01686888213696004,0,1,0,0,0,1,0,0,0,0
Jogo_412,9.994973262113325,0.00489751833588574,0,16.0,0.012958272982424603,0,0,1,0,0,0,0,1,0,0
Jogo_485,2.029550975596272,0.04012932871515802,0,6.0,0.1526573779132952,0,1,0,0,0,1,0,0,0,0
Jogo_430,4.600921723600024,0.04531429248666638,1,11.0,0.016191285176757764,0,0,1,0,0,0,0,0,0,1
Jogo_783,7.467008683897911,0.02479579079191345,0,11.0,0.059061725535733495,0,0,0,0,1,0,0,1,0,0
Jogo_758,8.899040089198639,0.02873345560597739,1,11.0,0.11957936612787551,0,0,0,0,1,0,0,0,1,0
Jogo_290,9.423386874078796,0.03092406929895898,1,17.0,0.08826116157257859,0,0,1,0,0,0,0,0,1,0
Jogo_16,1.2273769586778016,0.016306533183368405,1,11.0,0.03142529427236332,0,0,1,0,0,0,0,1,0,0
Jogo_158,3.312768018539359,0.03508170718301961,1,14.0,0.144060116830327,1,0,0,0,0,0,0,1,0,0
Jogo_243,5.961834227831771,0.024193641649442273,0,16.0,0.08365754894178613,0,1,0,0,0,0,0,0,1,0
Jogo_66,5.501880097616166,0.03526193428569436,0,7.0,0.07642961307526912,0,1,0,0,0,0,0,0,0,1
Jogo_915,5.280138033814814,0.009254490759569021,1,13.0,0.7663650109981528,0,0,0,0,1,0,0,1,0,0
Jogo_359,1.9640382768306544,0.038145587673048195,1,9.0,0.1192688281189429,0,1,0,0,0,0,1,0,0,0
Jogo_943,3.757771436824175,1.0,0,15.0,0.06964044065159747,0,1,0,0,0,1,0,0,0,0
Jogo_631,9.628943088892536,1.248570202195794e-05,0,5.0,0.12676627369614424,1,0,0,0,0,0,0,0,1,0
Jogo_504,4.045668081246861,0.021493802724907956,0,18.0,0.12157339092261873,0,0,0,1,0,0,1,0,0,0
Jogo_472,7.340367703217984,0.0175841450260425,0,5.0,0.06702664379854477,0,0,0,0,1,0,0,0,0,1
Jogo_954,6.0698838993009385,0.005310321746149918,0,15.0,0.1285562490319029,0,0,0,1,0,1,0,0,0,0
Jogo_577,5.501880097616166,0.0373009269862888,1,4.0,0.032668060633104554,0,0,1,0,0,0,0,0,1,0
Jogo_972,5.288470174907225,0.00899140540071551,0,18.0,0.14830957057407226,0,0,0,0,1,0,0,0,0,1
Jogo_521,2.9711114308054194,0.04387645126219435,1,6.0,0.10539095284482261,1,0,0,0,0,0,0,1,0,0
Jogo_865,7.4725639687784,0.04382036181206815,0,12.0,0.05966983240407865,1,0,0,0,0,0,0,0,0,1
Jogo_530,7.856779156764676,0.001863153417635671,1,12.0,0.15109475410300802,0,1,0,0,0,0,0,0,1,0
Jogo_408,7.431731884924739,0.03947501765644606,1,9.0,0.020874063666499267,1,0,0,0,0,0,0,1,0,0
Jogo_665,6.629848205977354,0.03356481864556961,0,6.0,0.0012889631278882735,0,0,0,1,0,0,1,0,0,0
Jogo_863,9.892850301773594,0.03364781182428538,1,17.0,0.15336935991742232,0,0,1,0,0,0,0,0,0,1
Jogo_432,2.3018664608655,0.018633483819581444,0,3.0,0.020917516317104052,0,0,1,0,0,1,0,0,0,0
Jogo_431,2.771254921088202,0.030675464241261018,0,8.0,0.12049745530698724,0,0,1,0,0,0,0,0,0,1
Jogo_484,5.235600597776374,0.03182487638321356,1,6.0,0.15008156909129072,0,1,0,0,0,0,0,0,0,1
Jogo_151,2.6054813033679087,0.015789105716913426,1,3.0,0.06946090992028812,0,0,1,0,0,1,0,0,0,0
Jogo_327,5.501880097616166,0.03379804655288454,1,16.0,0.10442786740108997,0,1,0,0,0,0,0,0,1,0
Jogo_256,8.743493324574487,0.025573489853150826,0,15.0,0.12983231511634288,0,0,0,0,1,1,0,0,0,0
Jogo_311,9.77400599922566,0.012862919202891801,0,8.0,0.041999556704279295,0,0,0,0,1,0,0,0,0,1
Jogo_866,1.5752761781785325,0.02321541870092262,1,18.0,0.07563070196698586,0,0,1,0,0,1,0,0,0,0
Jogo_304,5.726671816691233,0.03202954889064204,1,11.0,0.04673262314220877,0,0,0,1,0,0,0,0,0,1
Jogo_413,7.816436730961164,0.007913060100960283,0,7.0,0.004031585876933492,0,0,1,0,0,1,0,0,0,0
Jogo_133,4.316575651492233,0.02591291447024121,1,8.0,0.06931242783819204,1,0,0,0,0,0,0,1,0,0
Jogo_31,5.501880097616166,0.010582433830741016,0,14.0,0.15538202771298015,0,1,0,0,0,0,0,0,0,1
Jogo_765,1.8438272813062844,0.023096494015459133,1,18.0,0.04879213455957296,0,0,0,1,0,1,0,0,0,0
Jogo_782,9.51797679449029,0.048900583498468736,1,8.0,0.01727538938797055,0,1,0,0,0,0,0,0,1,0
Jogo_458,8.712154216379908,0.017966639132082386,0,12.0,0.10990095919871723,0,0,0,1,0,0,0,1,0,0
Jogo_161,1.2297398688514642,0.024846025840106423,0,7.0,0.14823095838392583,0,0,1,0,0,1,0,0,0,0
Jogo_339,7.988577264484021,0.04796278945195686,1,8.0,0.04542846903815788,0,0,0,1,0,1,0,0,0,0
Jogo_286,3.2034353879142023,0.019119887935398015,0,14.0,0.13557912712457693,0,1,0,0,0,0,0,0,0,1
Jogo_248,1.6861609825415558,0.03594566343001848,0,7.0,0.08273374752201568,0,0,0,1,0,0,0,0,1,0
Jogo_930,6.410345058886755,0.035811715529544756,1,4.0,0.0214042786290144,0,0,1,0,0,0,0,0,0,1
Jogo_579,2.538565489140076,0.046208403566751,1,17.0,0.029393897553290197,0,0,1,0,0,0,0,0,1,0
Jogo_889,4.7634032641664215,0.048800976155254694,1,10.0,0.12007826721949741,0,0,0,0,1,0,0,0,1,0
Jogo_927,4.066555047304076,0.021833248258600873,1,18.0,0.05748845176575615,0,1,0,0,0,0,0,0,0,1
Jogo_1,9.576931629448389,0.005903063974928437,0,13.0,0.08128039930014248,0,0,0,1,0,0,0,1,0,0
Jogo_736,9.235779400621688,0.008012727421060432,0,14.0,0.08099658690484428,0,0,1,0,0,1,0,0,0,0
Jogo_207,1.9525351791431227,0.042031569292696615,0,6.0,0.034712339340373835,0,0,0,0,1,0,1,0,0,0
Jogo_629,7.715827114074011,0.029497449294091205,0,17.0,0.0012107683179922758,0,0,1,0,0,0,1,0,0,0
Jogo_923,4.494075451462759,0.011649000241685503,1,6.0,0.011810970146171922,1,0,0,0,0,0,0,0,1,0
Jogo_841,9.015246648352967,0.011053684855648163,1,5.0,0.11267820878920412,0,0,0,0,1,0,0,0,1,0
Jogo_850,1.1078594979054692,0.02272424112019384,1,10.0,0.06818990496147605,0,0,1,0,0,0,0,0,0,1
Jogo_264,5.501880097616166,0.026601198173552214,1,17.0,0.03027375921877436,0,1,0,0,0,0,0,1,0,0
Jogo_274,1.385444972605843,0.02360133353556617,0,16.0,0.13999416271987686,1,0,0,0,0,0,0,0,1,0
Jogo_70,1.1249940577393511,0.011415349950749864,1,12.0,0.056375062839307793,0,0,0,1,0,1,0,0,0,0
Jogo_640,7.416369103886211,0.010561620212019854,1,11.0,0.1441736124219923,0,0,0,1,0,0,0,0,0,1
Jogo_444,1.4745168329125848,0.002786523774557296,1,8.0,0.04684639542741617,0,0,0,1,0,0,0,0,1,0
Jogo_837,9.283910799573476,0.017373378810736407,0,7.0,0.13340109668580855,0,0,0,0,1,0,0,1,0,0
Jogo_98,6.18447229111433,0.007293620096860043,0,18.0,0.10693826039039439,0,1,0,0,0,0,0,0,1,0
Jogo_856,5.501880097616166,0.019903589121557926,0,7.0,0.028118200181066522,0,1,0,0,0,0,0,0,1,0
Jogo_21,3.449965837550749,0.03398958739675196,0,13.0,0.07404000556688665,0,0,0,1,0,1,0,0,0,0
Jogo_705,7.512445002757408,0.013408099032243406,0,9.0,0.0855116577619709,0,0,0,0,1,0,1,0,0,0
Jogo_414,5.501880097616166,0.017957943756863815,1,11.0,0.06879814630922365,0,0,1,0,0,0,0,0,1,0
Jogo_517,7.0804751399530375,0.03389451870192873,1,10.0,0.15567301510629586,1,0,0,0,0,0,1,0,0,0
Jogo_149,9.713458814037317,0.04008141237798583,1,18.0,0.12739621297176928,0,0,1,0,0,0,0,1,0,0
Jogo_647,9.3265526082034,0.027862773045422493,0,11.0,0.14510930191490287,0,0,0,1,0,0,0,0,1,0
Jogo_354,3.751797870344764,0.0467418975281411,0,11.0,0.14239210235350241,0,0,0,1,0,0,1,0,0,0
Jogo_941,7.424605942974153,0.03502220166002899,1,13.0,0.12491056546364387,1,0,0,0,0,0,1,0,0,0
Jogo_52,6.284031188081849,0.039494041462150166,0,6.0,0.016588318167082065,0,0,1,0,0,0,1,0,0,0
Jogo_198,5.557562714476549,0.046239567045448585,1,11.0,0.04829853803760413,0,1,0,0,0,1,0,0,0,0
Jogo_122,4.853098545748408,0.0045501387410751765,1,11.0,0.1494506478075872,0,1,0,0,0,0,0,0,0,1
Jogo_203,7.011245419925075,0.009131893155373572,1,11.0,0.050621515686496615,0,0,0,1,0,0,0,1,0,0
Jogo_67,5.501880097616166,0.0033256342492345146,1,6.0,0.09525694817945282,0,0,0,0,1,0,0,0,1,0
Jogo_223,7.343761154556619,0.037382750069728424,0,13.0,0.11050951229605649,1,0,0,0,0,0,0,0,0,1
Jogo_127,1.068150290665263,0.0220489796254406,1,11.0,0.11601737657537967,0,0,0,1,0,0,0,0,0,1
Jogo_655,7.873133460427127,0.048513327997860775,0,11.0,0.08665154803773577,0,1,0,0,0,0,0,0,0,1
Jogo_139,1.0102659038729238,0.019742865670083147,0,11.0,0.06323971694947784,0,0,0,1,0,0,0,1,0,0
Jogo_417,5.838055175366181,0.022921988961790252,1,15.0,0.13702925786413733,0,0,1,0,0,1,0,0,0,0
Jogo_218,4.148648013326941,0.002791276628241592,1,18.0,0.02403705921463493,0,0,0,0,1,1,0,0,0,0
Jogo_546,8.035200637972535,0.03583286469309665,0,14.0,0.023591413743042956,1,0,0,0,0,0,1,0,0,0
Jogo_157,7.520582859596297,0.013695525291620252,1,12.0,0.0793364378601025,1,0,0,0,0,0,1,0,0,0
Jogo_94,2.355990352255615,0.04178432224629448,1,12.0,0.10005854220829719,1,0,0,0,0,0,0,0,1,0
Jogo_255,2.994306316550496,0.03309739113811928,0,18.0,0.11103542297689412,1,0,0,0,0,0,0,1,0,0
Jogo_978,7.70760340693763,0.004496193698886833,1,5.0,0.10171442823696364,0,0,1,0,0,0,1,0,0,0
Jogo_643,5.501880097616166,0.038286420732106696,1,10.0,0.13111119497239765,0,0,0,1,0,0,1,0,0,0
Jogo_738,9.26757768492672,0.012303563652469172,1,7.0,0.1250688171528718,1,0,0,0,0,0,0,1,0,0
Jogo_39,1.6368890696986518,0.014658655767094308,0,15.0,0.08478035743605031,0,0,0,1,0,0,0,1,0,0
Jogo_130,6.070366714540682,0.0241754105190091,0,13.0,0.06028743191957066,0,0,1,0,0,0,0,1,0,0
Jogo_997,5.860813055069832,0.04373253544623099,1,15.0,0.056277237627111856,0,1,0,0,0,1,0,0,0,0
Jogo_189,9.931107454419346,0.02791385270052334,1,12.0,0.08906074024683004,1,0,0,0,0,0,0,1,0,0
Jogo_950,9.527297372498444,0.01251117385346875,1,12.0,0.13488617537252615,1,0,0,0,0,0,0,0,0,1
Jogo_589,8.798209188755365,0.042707756588075886,0,3.0,0.049670266544935865,0,0,0,0,1,0,0,0,1,0
Jogo_402,7.044584002408075,0.0327804202526321,0,4.0,0.1265874108674761,0,1,0,0,0,0,0,1,0,0
Jogo_760,3.9496528458034192,0.04106514569703188,1,3.0,0.14943967170317113,0,1,0,0,0,0,0,1,0,0
Jogo_38,7.646926916008093,0.021268744795808116,0,11.0,0.07530818927286438,0,1,0,0,0,0,1,0,0,0
Jogo_242,7.075312412437805,0.009215403813445369,1,10.0,0.1427838217169919,1,0,0,0,0,0,0,0,1,0
Jogo_353,1.975038490185817,0.042693637990522476,1,13.0,0.0384547946350562,0,0,0,0,1,0,0,0,0,1
Jogo_620,7.00469655231054,0.03955158193191307,1,11.0,0.06671340797957007,0,0,0,0,1,0,0,1,0,0
Jogo_650,3.274102278364598,0.02286480077373283,0,8.0,0.02695967052843858,1,0,0,0,0,0,0,1,0,0
Jogo_534,3.5853276437734376,0.0303305411941545,1,4.0,0.032398718695764855,0,0,0,0,1,1,0,0,0,0
Jogo_503,5.560527085965114,0.04345572329389877,0,16.0,0.10690201890549672,0,0,0,0,1,1,0,0,0,0
Jogo_159,6.635531638507255,0.03841332359834852,0,18.0,0.05616279884845689,0,0,0,1,0,1,0,0,0,0
Jogo_394,7.931551485251242,0.012570689010723505,1,15.0,0.01914342337707371,0,0,1,0,0,0,0,0,1,0
Jogo_537,2.2551360450396443,0.028459978828536483,1,8.0,0.1147557755612029,0,0,0,1,0,0,0,0,0,1
Jogo_695,2.7694243426066305,0.048693192191455306,1,11.0,0.09674212376741047,0,0,1,0,0,0,1,0,0,0
Jogo_240,5.130596586993538,0.03917185579199459,0,3.0,0.019467862624363546,0,0,1,0,0,0,0,0,0,1
Jogo_13,9.470444675903668,0.028154043825756116,1,12.0,0.040791359716227216,0,0,0,0,1,0,1,0,0,0
Jogo_657,5.501880097616166,0.03799473731263894,0,8.0,0.10081394359152462,1,0,0,0,0,0,0,0,1,0
Jogo_475,2.244842191325157,0.0232235649444271,0,6.0,0.12026061193667786,0,0,1,0,0,0,1,0,0,0
Jogo_903,9.682257413897398,0.03124309221703072,1,10.0,0.10033930901130372,0,0,1,0,0,0,1,0,0,0
Jogo_874,4.02692029776882,0.022084305435605602,1,17.0,0.024363775483912126,0,1,0,0,0,0,0,0,1,0
Jogo_314,3.5506568879285707,0.0229309008091941,0,8.0,0.09617805336156098,0,1,0,0,0,0,0,1,0,0
Jogo_361,4.032241340712576,0.010046991014037582,1,9.0,0.10983342561357384,1,0,0,0,0,0,0,0,0,1
Jogo_590,3.102207394367597,0.045523615889119795,0,6.0,0.012648830425618821,0,1,0,0,0,0,0,0,1,0
Jogo_320,5.997157892735955,0.030167845412663295,0,11.0,0.01014925187649902,0,0,1,0,0,0,0,1,0,0
Jogo_912,3.6022420293029382,0.00347229278519214,0,7.0,0.14952884140959244,0,0,0,1,0,0,0,1,0,0
Jogo_411,5.668837163360478,0.03361147357626923,0,4.0,0.03624161830806513,0,1,0,0,0,0,1,0,0,0
Jogo_672,8.312521738339479,0.034977551248915585,0,9.0,0.02106767337899552,0,0,1,0,0,0,0,1,0,0
Jogo_564,8.647540090198962,0.010984530329796106,1,6.0,0.05515340264482464,0,0,0,0,1,0,0,0,1,0
Jogo_355,7.749860470658021,0.03713074351155956,1,5.0,0.09745380002028414,0,0,0,0,1,0,1,0,0,0
Jogo_34,9.6321182665271,0.009884066606817316,1,15.0,0.11077322251187621,1,0,0,0,0,0,1,0,0,0
Jogo_334,9.479228501587194,0.013087951250246789,0,18.0,0.04591770523033949,0,0,0,0,1,0,0,1,0,0
Jogo_688,1.5742480005523256,0.02814208690800131,0,17.0,0.13217240791608478,0,0,1,0,0,0,1,0,0,0
Jogo_376,5.501880097616166,0.03283570970677284,1,15.0,0.1422621898113298,0,1,0,0,0,0,0,1,0,0
Jogo_184,4.606868442634672,0.042640018377254965,1,17.0,0.020083616754658976,0,0,0,0,1,0,0,0,0,1
Jogo_823,4.301056915877897,0.04045897567802936,1,11.0,0.14657786250728724,0,0,0,0,1,0,0,0,0,1
Jogo_423,5.328018419412448,0.005861288615324588,1,4.0,0.12147925167064347,1,0,0,0,0,0,0,1,0,0
Jogo_325,3.117358901346527,0.04298492310475649,0,11.0,0.010300961738298597,0,1,0,0,0,0,0,0,0,1
Jogo_187,8.005707025542895,0.015027755196001186,0,10.0,0.03312747413161238,0,0,0,0,1,1,0,0,0,0
Jogo_284,5.998944726067496,0.029069118457650582,0,12.0,0.09918697583729502,1,0,0,0,0,0,0,0,0,1
Jogo_391,2.7818213728445222,0.044911458094043614,1,5.0,0.03066308931714327,0,0,1,0,0,0,0,0,0,1
Jogo_965,7.09841414100666,0.02883477247240209,1,13.0,0.08705645509627336,0,1,0,0,0,0,0,0,0,1
Jogo_165,9.716987869618954,5.815933122623818e-05,1,8.0,0.0038324885674362354,0,1,0,0,0,0,0,0,1,0
Jogo_347,4.134983141849961,0.038200160119439414,0,13.0,0.02349957401847907,0,0,0,1,0,0,1,0,0,0
Jogo_298,8.06829334278195,0.04406256552154374,0,11.0,0.105049539026185,0,0,0,0,1,0,0,0,1,0
Jogo_535,4.118211351153656,0.033074993141215224,1,14.0,0.08095660869461788,0,0,1,0,0,0,0,0,0,1
Jogo_229,2.624677371286663,0.005835738489223794,0,7.0,0.11420790126790986,0,1,0,0,0,0,0,0,1,0
Jogo_859,5.501880097616166,0.010715366668227236,1,14.0,0.1535385341775531,0,1,0,0,0,0,0,1,0,0
Jogo_827,9.169050555950468,0.020439917723865046,1,4.0,0.10985876716298829,0,0,1,0,0,0,0,0,1,0
Jogo_694,7.856973348284211,0.04356026742086387,0,11.0,0.018294700890850082,0,0,0,0,1,0,0,1,0,0
Jogo_855,1.293157063270015,0.02190858072333158,1,9.0,0.050081536345473784,0,0,0,0,1,1,0,0,0,0
Jogo_41,8.174824164759606,0.020303484638731925,0,18.0,0.14203746217605293,0,0,0,0,1,0,0,0,1,0
Jogo_868,3.432382518949298,0.019630508494826903,1,3.0,0.0930316755235981,0,0,1,0,0,0,0,0,0,1
Jogo_748,5.488705113884804,0.012573212576392464,0,12.0,0.14815783059304824,1,0,0,0,0,1,0,0,0,0
Jogo_939,6.941089098565358,0.04828601428869001,0,14.0,0.018896091200555343,1,0,0,0,0,1,0,0,0,0
Jogo_862,5.501880097616166,0.004795810523697392,1,6.0,0.10645955539418897,0,0,0,0,1,0,0,1,0,0
Jogo_587,5.501880097616166,0.019481236195516526,1,10.0,0.14901064725536273,0,1,0,0,0,1,0,0,0,0
Jogo_543,5.501880097616166,0.019627361642495924,1,8.0,0.056241850677642244,1,0,0,0,0,1,0,0,0,0
Jogo_446,4.4531964868005645,0.007673905251160578,1,11.0,0.08506426017285287,0,0,1,0,0,0,1,0,0,0
Jogo_447,8.943957483822397,0.03774076434210027,0,15.0,0.08240942107992048,0,0,1,0,0,0,0,0,1,0
Jogo_349,6.934655884573128,0.006356921221943373,0,8.0,0.08332695106188354,0,0,1,0,0,0,1,0,0,0
Jogo_45,8.772711208311566,0.02646764021114843,1,16.0,0.07669213627618313,0,0,0,0,1,0,0,0,0,1
Jogo_971,4.565183282095607,0.0375431982103749,0,14.0,0.09701237236054139,0,0,1,0,0,0,0,0,1,0
Jogo_108,9.92488559976984,0.013360115969691088,1,11.0,0.11955223313950347,0,0,0,1,0,0,0,0,0,1
Jogo_617,4.205630241526009,0.016746418212869856,1,8.0,0.07980850617756405,0,0,1,0,0,0,0,0,1,0
Jogo_661,5.501880097616166,0.013800618032913568,1,13.0,0.1082022567964952,1,0,0,0,0,1,0,0,0,0
Jogo_29,6.673081812487823,0.02788160837902091,1,6.0,0.02684763501793146,0,0,1,0,0,0,0,1,0,0
Jogo_181,8.508307737957974,0.04854865287924227,1,12.0,0.045759152360026756,0,0,0,0,1,1,0,0,0,0
Jogo_621,6.500635274191714,0.033135212547178605,1,16.0,0.0073304088432941845,0,0,0,0,1,0,0,1,0,0
Jogo_419,1.9064657344544864,0.02473253108230613,0,5.0,0.10789890932270835,0,0,1,0,0,1,0,0,0,0
Jogo_634,7.842996531398644,0.011053809113672985,1,13.0,0.09228451087464586,0,0,0,0,1,0,0,1,0,0
Jogo_975,5.350859451795675,0.005258468581882445,1,8.0,0.024184299857198454,0,0,0,0,1,0,0,0,1,0
Jogo_104,7.319544452527375,0.03530631859760551,0,3.0,0.104669296568526,0,0,0,0,1,0,0,1,0,0
Jogo_60,1.4262471958595009,0.02607168784576946,1,13.0,0.07995884833307054,0,0,0,1,0,0,0,0,1,0
Jogo_658,4.5164081944772345,0.0014081414239963106,0,11.0,0.14147925830860875,0,0,0,1,0,0,0,0,1,0
Jogo_83,6.327211021362401,0.037372174481653954,0,10.0,0.04128672263850865,1,0,0,0,0,0,0,0,0,1
Jogo_490,7.390563592433134,0.003331405440652042,1,6.0,0.12069232891119294,0,1,0,0,0,0,0,0,1,0
Jogo_315,6.994067870340322,0.014694572860717448,1,12.0,0.15358672048109087,0,1,0,0,0,1,0,0,0,0
Jogo_450,6.701314701539,0.020193818671690587,1,18.0,0.023172418688708892,0,1,0,0,0,0,0,0,0,1
Jogo_381,1.4054552190096787,0.037753401474504046,1,15.0,0.0530926514983098,0,0,0,1,0,0,0,0,1,0
Jogo_422,5.577391579018774,0.026988887780280094,1,13.0,0.13847942732517257,0,0,0,0,1,0,0,0,0,1
Jogo_496,1.7331909918410024,0.003007876391176682,0,17.0,0.07018365488059221,0,1,0,0,0,0,1,0,0,0
Jogo_946,6.176152182063668,0.749848236253264,1,15.0,0.121658350429137,0,0,0,1,0,0,0,0,0,1
Jogo_739,1.8751057215523683,0.025801599372198704,1,11.0,0.11792065623659398,0,0,1,0,0,0,0,0,1,0
Jogo_523,3.015086510280063,0.04534163033340996,1,4.0,0.004268788437629994,1,0,0,0,0,0,0,0,0,1
Jogo_445,4.638124349870316,0.042045033876639056,0,13.0,0.022439400485107775,0,0,1,0,0,0,0,0,1,0
Jogo_663,2.4169309542480475,0.03181076354370565,1,7.0,0.028460969334234556,0,0,0,0,1,0,0,0,1,0
Jogo_0,8.851441814744595,0.019311064040330204,0,18.0,0.10381766820554506,0,0,0,1,0,1,0,0,0,0
Jogo_779,3.3017532705306105,0.045717017259889636,0,17.0,0.15703152358764325,1,0,0,0,0,1,0,0,0,0
Jogo_981,3.270741444798026,0.01674598021566999,0,12.0,0.11361251483302653,1,0,0,0,0,0,0,0,0,1
Jogo_626,8.892448076627353,0.03255101641841457,1,4.0,0.06173185050068436,1,0,0,0,0,0,0,1,0,0
Jogo_457,5.501880097616166,0.0009574223923585321,1,12.0,0.08231991349210799,0,1,0,0,0,0,0,0,1,0
Jogo_488,3.0210058871078456,0.04415840362017002,0,12.0,0.03877974836631985,1,0,0,0,0,0,0,1,0,0
Jogo_88,6.119504501327524,0.015766733246782946,0,18.0,0.1007404313695448,0,0,1,0,0,0,1,0,0,0
Jogo_483,1.0551206309278294,0.04786348660444247,0,13.0,0.025587375184530064,1,0,0,0,0,0,0,0,1,0
Jogo_460,9.935124867014618,0.014728658281190623,1,8.0,0.010634755292191312,0,0,1,0,0,1,0,0,0,0
Jogo_77,8.000580900919505,0.007021987171947584,0,17.0,0.07882245569309143,1,0,0,0,0,1,0,0,0,0
Jogo_268,8.629610897031082,0.036492113640668095,1,5.0,0.02518783416788745,0,0,1,0,0,0,0,1,0,0
Jogo_929,2.0885435247924766,0.009324367817612835,0,14.0,0.025847682019039465,0,0,0,0,1,1,0,0,0,0
Jogo_123,9.070583563978843,0.035615645234575735,1,5.0,0.1530704367581278,0,0,0,0,1,0,1,0,0,0
Jogo_297,5.445292313491708,0.046733669329305096,1,11.0,0.028603798922543316,0,0,0,1,0,0,1,0,0,0
Jogo_881,3.2684343709737846,0.0054772526775007475,0,9.0,0.11657568433301094,0,0,0,0,1,1,0,0,0,0
Jogo_95,8.483180416184645,0.042195700579549876,1,17.0,0.15335666075914073,0,0,1,0,0,0,0,0,0,1
Jogo_733,5.501880097616166,0.0311538358897226,1,16.0,0.042446116626102176,0,1,0,0,0,0,0,1,0,0
Jogo_11,1.915378652866448,0.006651626393189956,0,13.0,0.14656014576016102,1,0,0,0,0,0,0,0,0,1
Jogo_114,9.216755856673869,0.04842707474248746,1,6.0,0.14380152730656978,0,1,0,0,0,1,0,0,0,0
Jogo_843,6.688262560173235,0.023555472269599274,0,9.0,0.07567059049951967,0,0,0,1,0,0,0,1,0,0
Jogo_428,5.266969181892041,0.013292262818236311,1,6.0,0.1467891368479499,0,0,0,0,1,0,0,0,0,1
Jogo_257,6.404202995178683,0.026637419468813782,0,12.0,0.06060878434474759,0,0,1,0,0,1,0,0,0,0
Jogo_731,9.956855660216847,0.03636392654963455,0,13.0,0.07822619704586821,1,0,0,0,0,0,0,1,0,0
Jogo_949,4.636641945726046,0.04388703473094629,1,17.0,0.10277152087170721,0,0,0,0,1,0,1,0,0,0
Jogo_764,6.065140118861069,0.00485585418323567,1,4.0,0.05599818460822832,0,0,0,1,0,1,0,0,0,0
Jogo_352,7.078620455308462,0.03937687234140915,0,18.0,0.0011777046229279782,0,0,0,0,1,0,1,0,0,0
Jogo_985,4.3077466018808295,0.03787876178664683,0,11.0,0.118288014090667,0,0,0,0,1,0,0,0,0,1
Jogo_773,7.320774298810498,0.027634563404596774,0,6.0,0.028558427624662288,0,1,0,0,0,1,0,0,0,0
Jogo_955,6.270040244745777,0.012705181747118287,0,11.0,0.07677702551175893,0,0,0,1,0,0,0,1,0,0
Jogo_690,9.806282402559953,0.04341269069158634,0,7.0,0.10706515936087119,0,0,0,1,0,0,0,1,0,0
Jogo_922,2.6743754239034194,0.004053717036291129,1,11.0,0.1237802944478518,0,1,0,0,0,0,1,0,0,0
Jogo_790,8.183751491518837,0.02572682839029881,0,15.0,0.10789325591094917,1,0,0,0,0,0,0,0,1,0
Jogo_531,6.189966478524528,0.029253309759868014,0,9.0,0.012172599580036383,0,0,1,0,0,0,1,0,0,0
Jogo_867,2.8244632408070047,0.03701674291664127,1,9.0,0.04725570426448922,1,0,0,0,0,0,0,1,0,0
Jogo_169,5.501880097616166,0.01072612803740143,1,7.0,0.1056405884806097,0,0,1,0,0,1,0,0,0,0
Jogo_239,7.822664730286422,0.00186921052118064,1,9.0,0.01611697506131812,0,1,0,0,0,0,0,0,0,1
Jogo_277,6.172823168309084,0.034103534556669875,1,13.0,0.12684631877369712,1,0,0,0,0,1,0,0,0,0
Jogo_160,9.37764367662574,0.014744311277852355,1,6.0,0.12420807345075,0,0,0,1,0,0,1,0,0,0
Jogo_73,7.75472511631019,0.002245998093274136,1,11.0,0.10297137897094907,0,0,0,1,0,0,1,0,0,0
Jogo_529,5.027832246900321,0.04124968126714096,0,15.0,0.09552771799443198,0,0,0,0,1,0,0,1,0,0
Jogo_62,5.133043222494399,0.0008196276691284971,0,7.0,0.04113660135393342,0,0,0,0,1,0,0,1,0,0
Jogo_761,8.422158051182123,0.0390644733155403,0,7.0,0.060790227219232135,1,0,0,0,0,0,0,0,0,1
Jogo_492,6.265140366621523,0.034230917663557126,1,7.0,0.14220364928198428,0,0,0,1,0,0,0,0,0,1
Jogo_740,5.501880097616166,0.009184427702264034,0,10.0,0.001075564377193708,0,0,0,0,1,0,0,0,1,0
Jogo_750,4.915619169944946,0.025700939750779646,0,11.0,0.04185531436021879,1,0,0,0,0,1,0,0,0,0
Jogo_741,8.569865647736915,0.01722083944037227,0,8.0,0.017436455142253168,0,0,0,1,0,0,0,1,0,0
Jogo_830,1.7457785931819387,0.0003967736524802752,1,18.0,0.13194273147302987,0,1,0,0,0,0,0,0,0,1
Jogo_795,1.1822995993333814,0.012095952735823333,0,13.0,0.14300537915269876,0,0,0,1,0,0,1,0,0,0
Jogo_47,1.18309840945702,0.0027305205585740275,0,10.0,0.1511005149966722,0,0,0,1,0,0,0,0,1,0
Jogo_762,4.454999060426579,0.01950949474007697,0,4.0,0.0024251621138753413,0,0,0,1,0,0,0,0,1,0
Jogo_591,5.501880097616166,0.03027018563427983,1,18.0,0.077494925501567,0,0,1,0,0,0,1,0,0,0
Jogo_807,3.1834073675113914,0.040074717962235495,0,13.0,0.009227954201729328,0,1,0,0,0,1,0,0,0,0
Jogo_991,5.010814681579271,0.006168238705434528,1,11.0,0.136627967562042,0,0,0,0,1,0,1,0,0,0
Jogo_505,8.828272627403688,0.04678236010283151,0,12.0,0.010579265038321402,0,1,0,0,0,0,0,0,0,1
Jogo_20,8.999150952621736,0.0326479627940288,1,8.0,0.011402193907608802,1,0,0,0,0,0,0,1,0,0
Jogo_968,4.99558857270548,0.03273906933195933,1,9.0,0.021707827956936803,0,1,0,0,0,0,1,0,0,0
Jogo_424,7.266855515168546,0.010220241835401562,0,11.0,0.048504476540252695,1,0,0,0,0,0,0,1,0,0
Jogo_652,7.284453698427967,0.020141042767693126,0,16.0,0.0,0,0,0,1,0,0,0,1,0,0
Jogo_192,5.799914784146956,0.03175975476004691,1,11.0,0.14813756831419947,1,0,0,0,0,1,0,0,0,0
Jogo_642,2.081976254233062,0.014175871719465575,0,10.0,0.14581686702776023,0,0,0,0,1,1,0,0,0,0
Jogo_215,2.4394359614986545,0.013033512200409535,1,10.0,0.05099376777613078,0,0,0,0,1,0,0,0,0,1
Jogo_244,7.1843564954619685,0.024547732750559676,1,9.0,0.06611979874644185,0,0,0,1,0,0,0,0,0,1
Jogo_363,3.5113670135546946,0.02323969426231853,1,4.0,0.07134389453896658,0,1,0,0,0,0,1,0,0,0
Jogo_59,7.842466101516233,0.03240684764672586,1,11.0,0.02718044681592045,0,0,0,0,1,0,1,0,0,0
Jogo_221,5.139677011046865,0.04849226114645325,1,13.0,0.14161064448828398,0,0,0,0,1,0,1,0,0,0
Jogo_176,5.501880097616166,0.030254888080289165,1,5.0,0.13833149626742547,0,1,0,0,0,0,0,1,0,0
Jogo_449,9.687329926893412,0.04451919667618993,0,3.0,0.1318113069086582,0,0,0,1,0,1,0,0,0,0
Jogo_55,4.005182483290516,0.024239178627342598,0,11.0,0.053177811104946945,0,0,1,0,0,0,0,0,0,1
Jogo_803,7.626914164179733,0.03721158120171135,1,11.0,0.1066302693165084,0,0,1,0,0,1,0,0,0,0
Jogo_254,1.9254034307724064,0.04765291860482294,1,11.0,0.07310638583868123,0,1,0,0,0,0,0,0,1,0
Jogo_919,7.42523695701958,0.02383478196934818,0,13.0,0.029555398036483754,0,1,0,0,0,0,0,1,0,0
Jogo_385,5.597844879972175,0.043189651834671244,0,15.0,0.15833165054261222,0,0,0,1,0,0,1,0,0,0
Jogo_948,5.94155878722934,0.03389026204043462,0,14.0,0.15226819497967808,0,0,0,1,0,0,0,0,0,1
Jogo_197,5.501880097616166,0.043827022579587094,1,9.0,0.00420767985471197,0,0,0,0,1,1,0,0,0,0
Jogo_68,6.7699932887561705,0.04563751970656377,0,13.0,0.0311394166832314,0,0,1,0,0,0,1,0,0,0
Jogo_722,9.928042936270286,0.00907812408127716,0,9.0,0.06625174229602328,0,0,0,0,1,0,0,0,0,1
Jogo_744,5.292355563432451,0.03477558043863268,1,17.0,0.1044823635691943,0,0,0,1,0,0,1,0,0,0
Jogo_713,1.0142064323412878,0.03767880709950328,1,6.0,0.144835781045362,0,0,1,0,0,0,0,0,1,0
Jogo_168,9.026057821031236,0.040465695235411055,0,17.0,0.10519668012066957,0,0,0,0,1,0,0,0,1,0
Jogo_185,6.258387077378808,0.03924710694080123,0,4.0,0.08191533422021585,0,0,1,0,0,0,0,0,1,0
Jogo_35,7.898023053581584,0.008653239540571402,0,7.0,0.14128692560476586,0,0,0,1,0,0,0,1,0,0
Jogo_641,5.1239484129068185,0.04488172412980546,0,18.0,0.1211006475483618,0,0,1,0,0,0,0,0,0,1
